Keyword,Intent,Volume,Keyword Difficulty,CPC (USD),SERP Features
fletes buin,Commercial,30,16,0.27,"Image, Video, Local pack"
cuanto cuesta un flete de el bosque a buin,,0,,0.00,
flete a buin chillan,,0,,0.00,
flete camion buin,,0,,0.00,
flete de buin a el quisco valor,,0,,0.00,
flete de buin a santiago,,0,,0.00,
flete de camiones con rampla en buin,,0,,0.00,
flete de combustible buin,,0,,0.00,
flete de combustible copec buin,,0,,0.00,
flete en buin,,0,,0.00,
fletes baratos buin,,0,,0.00,
fletes buin santiago,,0,,0.00,
fletes economicos en buin,,0,,0.00,
fletes en buin economicas,,0,,0.00,
fletes mudanzas buin santiago,,0,,0.00,
fletes santiago buin,,0,,0.00,
fletes y mudanzas en buin,,0,,0.00,
servicio de fletes buin,,0,,0.00,
valor del flete desde plaza sur asta buin,,0,,0.00,
