No,Keyword,Search Volume,CPC,Paid Difficulty,Search Intent,Search Difficulty
1,mudanzas,4400,"$2.494,88",72,commercial,29
2,mudanzas al cielo,1600,"$1.256,42",1,commercial,23
3,mudanzas en santiago,1300,"$1.718,60",92,,41
4,fletes y mudanzas,720,"$1.301,29",68,commercial,17
5,salvoconducto para mudanzas,720,"$264,74",43,,26
6,cajas para mudanzas,480,"$367,95",100,commercial,8
7,mudanzas al cielo reparto,480,$0,1,commercial,20
8,mudanzas en concepción,480,"$870,52",44,,27
9,mudanzas concepcion,390,"$1.256,42",70,commercial,5
10,mudanzas chile,320,"$1.642,32",73,"commercial, navigational",20
11,mudanzas y fletes,320,"$1.561,55",78,commercial,12
12,mudanzas viña del mar,320,"$1.669,24",61,commercial,6
13,cajas de cartón para mudanzas,260,"$305,13",100,commercial,7
14,servicio de mudanzas,260,"$2.396,17",91,"commercial, navigational",23
15,cajas de mudanzas,260,"$560,90",100,,44
16,empresa de mudanzas,260,"$2.378,22",91,commercial,25
17,camiones mudanzas,260,"$1.857,70",68,commercial,20
18,mudanzas en antofagasta,170,"$1.992,32",54,commercial,7
19,mudanzas en rancagua,170,"$1.453,85",70,commercial,9
20,mudanzas las condes,170,"$2.082,06",86,commercial,8
21,mudanzas mayor,170,"$1.642,32",62,commercial,14
22,mudanzas temuco,170,"$1.426,93",73,commercial,7
23,salvoconducto mudanzas chile,140,"$309,62",27,,22
24,mudanzas la serena,140,"$1.570,52",81,commercial,5
25,mudanzas ñuñoa,140,"$1.857,70",78,commercial,9
26,permiso para mudanzas,140,"$529,49",34,"commercial, navigational",9
27,mudanzas providencia,140,"$1.557,06",70,,40
28,mudanzas santiago precios,140,"$1.462,83",93,commercial,10
29,mudanzas puerto montt,110,"$1.009,62",51,,29
30,mudanzas internacionales,110,"$852,57",52,,34
31,mudanzas alemanas,110,"$1.283,34",74,,41
32,mudanzas valparaiso,110,"$1.005,13",71,,40
33,mudanzas santa paulina,110,"$1.422,44",11,,17
34,mudanzas en talca,110,"$1.041,03",62,,32
35,fletes y mudanzas en santiago,90,"$596,80",42,,18
36,empresa de mudanzas santiago,90,"$1.202,57",83,,30
37,mudanzas puerto varas,90,"$919,88",61,,32
38,mudanzas a regiones precios,90,"$839,11",82,,30
39,mudanzas internacionales desde chile,90,"$946,80",63,,24
40,camiones para mudanzas,90,"$1.054,49",65,,33
41,mudanzas ays,90,"$946,80",24,,26
42,mudanzas economicas,90,"$1.085,90",71,,40
43,mudanzas santiago centro,90,"$1.054,49",70,,35
44,transporte y mudanzas,90,"$1.233,98",55,,30
45,mudanzas en los angeles,90,"$749,36",41,,18
46,mudanzas osorno,90,"$982,70",63,,37
47,mudanzas chillan,90,"$879,49",74,,41
48,mudanzas al cielo temporada 2,90,$0,3,,6
49,mudanzas en iquique,90,"$1.063,47",55,,30
50,mudanzas a regiones,90,"$1.799,37",87,,40
51,cajas de cartón grandes para mudanzas,70,"$273,72",100,,36
52,mudanzas en maipu,70,"$556,41",70,,35
53,soñar con mudanzas,70,$0,1,,13
54,servicios de mudanzas en santiago,70,"$1.301,29",75,,28
55,mudanzas en puente alto,70,"$583,34",59,,23
56,transportes y mudanzas,70,"$991,67",63,,32
57,mudanzas la florida,70,"$830,13",63,,32
58,mudanzas iquique,70,"$1.153,21",70,,40
59,mudanzas gutierrez york,70,"$228,85",7,,16
60,mudanzas valdivia,70,"$1.251,93",49,,33
61,mudanzas patricio galaz,70,"$915,39",50,,29
62,a y s mudanzas,50,"$394,87",17,,11
63,mudanzas manquehue,50,"$605,77",15,,23
64,mudanzas con embalaje,50,"$1.377,57",99,,43
65,mudanzas en la florida,50,"$1.189,11",92,,33
66,mudanzas vera hermanos,50,"$807,70",18,,19
67,empresas de mudanzas en chile,50,"$1.341,67",88,,32
68,mudanzas fuera de santiago,50,"$1.050,01",79,,29
69,servicio de mudanzas santiago,50,"$1.444,88",80,,30
70,servicios de fletes y mudanzas,50,"$978,21",52,,21
71,mudanzas moinco,50,"$924,36",15,,23
72,mudanzas significado,50,$0,1,,18
73,mudanzas en calama,40,"$1.085,90",65,,33
74,mudanzas izquierdo,40,"$318,59",14,,23
75,mudanzas san miguel,40,"$915,39",90,,41
76,empresas de mudanzas chile,40,"$1.233,98",67,,26
77,mudanzas precios,40,"$848,08",80,,43
78,mudanzas viña del mar precios,40,"$641,67",67,,26
79,cajas para mudanzas baratas,40,"$264,74",100,,36
80,mudanzas pablo izquierdo,40,"$498,08",21,,20
81,mudanzas curico,40,"$722,44",62,,37
82,mudanzas express,40,"$1.014,11",82,,43
83,mudanzas ward,40,"$641,67",47,,33
84,mudanzas punta arenas,40,"$677,57",57,,31
85,mudanzas vera,40,"$646,16",34,,29
86,fletes para mudanzas,30,"$1.005,13",85,,39
87,chile mudanzas reclamos,30,"$861,54",20,,20
88,mudanzas norte sur chile,30,"$255,77",9,,8
89,mudanzas pedro vera hermanos,30,"$776,29",21,,12
90,mudanzas carvajal,30,"$682,05",53,,34
91,mudanzas en santiago de chile,30,"$1.893,60",92,,33
92,mudanzas santiago de chile,30,"$1.099,36",57,,23
93,mudanzas santiago a regiones,30,"$1.072,44",86,,31
94,mudanzas ya,30,"$646,16",33,,28
95,mudanzas mudango,30,"$789,75",77,,42
96,mudanzas copiapo,30,"$1.032,06",56,,35
97,mudanzas san bernardo,30,"$1.139,75",90,,41
98,mudanzas quilpué,30,"$475,64",70,,40
99,serie mudanzas al cielo,30,$0,4,,7
100,mudanzas santiago concepcion,30,"$1.705,14",82,,38
101,mudanzas cerca de mi,30,$0,10,,9
102,mudanzas martinez,30,"$641,67",45,,32
103,mudanzas cristo salva,30,"$668,59",56,,31
104,mudanzas entre regiones,30,"$1.929,50",80,,38
105,mudanzas castillo,30,"$758,34",45,,32
106,mudanzas retorno,30,"$659,62",41,,31
107,mudanzas al cielo final explicado,30,$0,1,,5
108,mudanzas arica,30,"$933,34",71,,40
109,mudanzas huechuraba,20,"$883,98",48,,33
110,mudanzas compartidas,20,"$2.068,60",77,,42
111,mudanzas nueva york,20,$0,4,,15
112,mudanzas completas,20,"$1.404,49",82,,43
113,mudanzas santa paulina reclamos,20,$0,7,,8
114,mudanzas los angeles chile,20,"$848,08",64,,25
115,mudanzas dentro de santiago,20,"$1.323,72",92,,33
116,mudanzas en toledo,20,"$1.301,29",39,,25
117,mudanzas colina,20,"$1.368,60",59,,36
118,mudanzas baratas,20,"$996,16",80,,43
119,fletes y mudanzas en la florida,20,"$601,28",50,,21
120,empresas mudanzas santiago,20,"$1.337,19",69,,34
121,mudanzas toro,20,$0,8,,21
122,mudanzas san fernando,20,"$834,62",57,,31
123,santiago mudanzas,20,"$1.076,93",37,,30
124,mudanzas rosales,20,$0,5,,20
125,mudanzas con gatos,20,"$58,33",12,,17
126,mudanzas al cielo serie,20,$0,1,,5
127,mudanzas canción,20,$0,1,,18
128,mudanzas casa grande,20,$0,18,,19
129,mudanzas y embalajes,20,"$1.233,98",100,,44
130,mudanzas uber,20,"$1.045,52",88,,45
131,mudanzas letra,20,$0,1,,18
132,cajas grandes para mudanzas,20,"$385,90",100,,36
133,mudanzas cartes,20,"$462,18",8,,21
134,mudanzas en coquimbo,20,"$1.005,13",47,,28
135,yapo fletes y mudanzas antofagasta,20,"$376,92",23,,12
136,mudanzas carlos cid,20,$0,5,,15
137,mudanzas de chile a argentina,20,"$587,82",81,,30
138,mudanzas vitacura,20,"$1.480,78",68,,39
139,mudanzas coquimbo,20,"$816,67",77,,42
140,mudanzas valparaíso,20,"$1.000,65",81,,43
141,mudanzas independencia,20,"$883,98",84,,44
142,mudanzas iquique santiago,20,"$1.085,90",86,,39
143,mudanzas santibañez,20,"$731,41",53,,34
144,mudanzas villa alemana,20,"$758,34",61,,32
145,mudanzas pedro vera venegas concepcion,20,"$520,52",49,,20
146,mudanzas gustainsson,20,"$1.018,59",9,,21
147,mudanzas sodimac,20,$525,80,,43
148,mudanzas araya,20,"$605,77",34,,29
149,mudanzas el hombre,20,"$1.157,70",77,,37
150,mudanzas linares,20,"$592,31",67,,39
151,mudanzas baratas santiago,20,"$717,95",72,,35
152,mudanzas en los angeles chile,20,"$542,95",54,,22
153,mudanzas san antonio,20,"$708,98",65,,33
154,mudanzas patagonia,20,"$857,06",56,,36
155,mudanzas en new york,10,$0,1,,5
156,mudanzas navas,10,"$659,62",27,,27
157,mudanzas en el cielo,10,$0,1,,5
158,mudanzas los andes,10,"$910,90",63,,32
159,mudanzas la minga,10,"$668,59",28,,22
160,quien hace mudanzas,10,$0,1,,13
161,mudanzas que te empacan todo,10,$0,1,,5
162,mudanzas sfdk,10,$0,1,,18
163,mudanzas bilbao,10,$0,1,,18
164,mudanzas de colombia a venezuela,10,$0,1,,5
165,mudanzas en medellin,10,$0,1,,13
166,mudanzas en zona norte,10,"$489,10",39,,17
167,empresas de mudanzas baratas,10,$0,1,,5
168,empresas de fletes y mudanzas,10,"$583,34",52,,21
169,mudanzas carlos ward edwards,10,$0,1,,5
170,transporte de mudanzas precios,10,$0,1,,5
171,mudanzas en madrid,10,$0,100,,44
172,mudanzas bogotá,10,$0,1,,18
173,empresas de mudanzas argentina,10,$0,1,,5
174,mudanzas valores,10,"$408,34",86,,44
175,mudanzas gou,10,$0,1,,18
176,mudanzas en mexico,10,$0,56,,31
177,mudanzas lupita d'alessio,10,$0,1,,13
178,mudanzas mentiras la serie,10,$0,1,,5
179,mudanzas japon,10,$0,1,,18
180,mudanzas cartagena,10,"$457,69",90,,46
181,fletes y mudanzas cerca de mi ubicación,10,$0,100,,36
182,mudanzas urgentes,10,$0,100,,49
183,mudanzas de ciudad a ciudad,10,$0,86,,31
184,mudanzas veracruz,10,$0,28,,27
185,mudanzas martinz,10,$0,1,,18
186,mudanzas a uruguay,10,$0,86,,39
187,para mudanzas,10,$0,100,,49
188,mudanzas en hermosillo,10,$0,1,,13
189,mudanzas santelices,10,"$560,90",28,,27
190,mudanzas flash,10,"$278,21",69,,39
191,mudanzas navarro,10,$0,1,,18
192,camiones para mudanzas en venta,10,$0,1,,5
193,mudanzas jerez,10,$0,1,,18
194,empresas de mudanzas en venezuela,10,$0,1,,5
195,empresas de mudanzas montevideo,10,$0,1,,5
196,de mudanzas juego de mesa,10,$0,1,,5
197,mudanzas rolando villalobos,10,$0,1,,13
198,mudanzas mundiales costa rica,10,$0,1,,5
199,mudanzas eduardo silva,10,"$601,28",24,,21
200,mudanzas en estados unidos,10,$0,46,,19
201,mudanzas en santander,10,$0,43,,26
202,mudanzas en mallorca,10,$0,1,,13
203,mudanzas a todo el pais,10,$0,1,,5
204,empresas de mudanzas cerca de mi,10,$0,1,,5
205,empresas de mudanzas en madrid,10,$0,1,,5
206,mudanzas de lupita d'alessio,10,$0,1,,5
207,mudanzas puerto rico,10,$0,100,,44
208,mudanzas a todo el país,10,$0,1,,5
209,mudanzas dia domingo,10,$0,86,,39
210,mudanzas santiago viña del mar,10,"$1.256,42",80,,30
211,mudanzas 24/7,10,$0,1,,18
212,mudanzas de arabia,10,$0,1,,13
213,mudanzas lima,10,$0,86,,44
214,mudanzas valladolid,10,$0,1,,18
215,telecajas cajas de cartón para envíos y embalaje para mudanzas,10,$0,43,,18
216,mudanzas para oficinas,10,$0,1,,13
217,app mudanzas chile,10,"$892,95",73,,35
218,empresas de mudanzas nacionales,10,$0,1,,5
219,mudanzas en japon,10,$0,1,,13
220,mudanzas new york,10,"$1.431,42",52,,29
221,mudanzas al cielo 2,10,$0,1,,5
222,mudanzas rojas,10,"$691,03",68,,39
223,como hacer mudanzas,10,"$224,36",76,,36
224,mudanzas al cielo trailer,10,$0,1,,5
225,mudanzas mundiales,10,$0,56,,36
226,mudanzas barrios,10,$0,1,,18
227,transportes mudanzas baratas,10,$0,1,,13
228,mudanzas torrejon,10,$0,9,,21
229,mudanzas jm,10,$0,1,,18
230,mudanzas en houston,10,$0,1,,13
231,mudanzas tradicionales,10,"$964,75",69,,39
232,mudanzas uhaul,10,$0,1,,18
233,mudanzas para estados unidos,10,$0,1,,5
234,ruta chile mudanzas,10,"$717,95",71,,35
235,mudanzas de empresas,10,$0,100,,44
236,mudanzas de oficina,10,"$1.785,91",77,,37
237,empresas de mudanzas quito,10,$0,1,,5
238,mudanzas en santa fe,10,$0,86,,31
239,mudanzas y guardamuebles,10,$0,1,,13
240,donde puedo ver mudanzas al cielo,10,$0,28,,14
241,mudanzas florida,10,"$982,70",68,,39
242,mudanzas en pilar,10,$0,1,,13
243,mudanzas ovalle,10,$0,5,,20
244,trucos para mudanzas,10,$0,1,,13
245,mudanzas caba,10,$0,100,,49
246,mudanzas premium,10,"$417,31",12,,22
247,mudanzas pedro vera,10,"$1.826,29",37,,25
248,mudanzas en cartagena,10,$0,71,,35
249,donde ver mudanzas al cielo,10,$0,4,,7
250,mudanzas de larga distancia,10,$0,1,,5
251,camion para fletes y mudanzas,10,"$502,57",63,,24
252,mudanzas del sur,10,"$408,34",5,,15
253,mudanzas en portugues,10,$0,1,,13
254,trabajos de mudanzas cerca de mi,10,$0,1,,5
255,plataforma elevadora mudanzas,10,$0,43,,26
256,que son mudanzas,10,$0,1,,13
257,que significa ver mudanzas,10,$0,1,,5
258,permisos para fletes y mudanzas,10,$0,1,,5
259,mudanzas que te hacen todo,10,$0,100,,36
260,mudanzas uruguay,10,$0,1,,18
261,mudanzas mendoza,10,"$498,08",61,,37
262,mudanzas hermanos vera,10,$0,28,,22
263,mudanzas jenni rivera,10,$0,1,,13
264,mudanzas de casas,10,"$2.117,96",61,,32
265,mudanzas rodriguez,10,$0,71,,40
266,mudanzas corporativas,10,$0,43,,31
267,empresas de mudanzas buenos aires,10,$0,1,,5
268,mudanzas flippers,10,$0,28,,27
269,mudanzas en córdoba,10,$0,86,,39
270,mudanzas en,10,$0,1,,18
271,mudanzas y netflix,10,$0,1,,13
272,mudanzas a estados unidos,10,$0,1,,5
273,mudanzas melipilla,10,"$708,98",75,,41
274,mudanzas en bogotá,10,$0,1,,13
275,mudanzas zavala,10,$0,1,,18
276,alquiler furgonetas mudanzas,10,$0,1,,13
277,empresas de mudanzas en mendoza,10,$0,1,,5
278,mudanzas santa fe,10,$0,1,,13
279,mudanzas benji,10,$0,14,,23
280,mudanzas en uruguay,10,$0,43,,26
281,mudanzas sin estres,10,$0,86,,39
282,mudanzas para empresas,10,$0,1,,13
283,mudanzas quito,10,$0,1,,18
284,reglamento para mudanzas en edificios,10,$0,7,,8
285,mudanzas en venezuela,10,$0,28,,22
286,mudanzas empresas madrid,10,$0,1,,13
287,mejores empresas de mudanzas internacionales,10,$0,1,,5
288,solo mudanzas,10,"$919,88",74,,41
289,mudanzas al cielo trailer español,10,$0,1,,5
290,mudanzas durango,10,$0,1,,18
291,mudanzas cali,10,$0,1,,18
292,mudanzas international,10,$0,1,,18
293,mudanzas lc,10,"$892,95",72,,40
294,mudanzas con plataforma,10,$0,100,,44
295,mudanzas con embalaje santiago,10,$0,1,,5
296,mudanzas para venezuela,10,$0,1,,13
297,mudanzas en usa,10,$0,1,,13
298,mudanzas que empacan todo,10,$0,1,,5
299,mudanzas baratas en el bronx,10,$0,1,,5
300,mudanzas de fuego,10,$0,1,,13
301,mudanzas mentiras,10,$0,1,,18
302,serie mudanzas al cielo temporada 2,10,$0,14,,10
303,mudanzas mym,10,$0,1,,18
304,mudanzas internacionales chile argentina,10,"$2.853,86",65,,25
305,mudanzas coyhaique,10,"$1.139,75",79,,42
306,mudanzas en veracruz,10,$0,1,,13
307,mudanzas en caracas,10,$0,1,,13
308,mudanzas en pereira,10,$0,1,,13
309,gatos y mudanzas,10,$0,28,,22
310,mudanzas mentiras la serie letra,10,$0,1,,5
311,mudanzas profesionales,10,$0,71,,40
312,servicio de mudanzas en merida yucatan,0,$0,1,,4
313,servicio de mudanzas san salvador,0,$0,1,,4
314,servicio de limpieza para mudanzas,0,$0,1,,4
315,mudanzas 4 hermanos,0,$0,1,,12
316,mudanzas nezahualcoyotl,0,$0,1,,17
317,mudanzas el 608 gral pico la pampa,0,$0,1,,4
318,mudanzas cerca de mi en español,0,$0,1,,4
319,mudanzas white,0,$0,1,,17
320,mudanzas en nerja,0,$0,1,,12
321,mudanzas en querétaro santiago de querétaro qro,0,$0,1,,4
322,mudanzas 24 7 express,0,$0,1,,4
323,mudanzas gustavo,0,$0,1,,17
324,mudanzas económicas santiago,0,$0,1,,12
325,mudanzas sor vicenta los angeles,0,$0,1,,4
326,mudanzas ubi,0,$0,1,,17
327,como se escribe mudanzas en ingles,0,$0,1,,4
328,mudanzas 24 horas madrid,0,$0,1,,4
329,mudanzas en san borja,0,$0,1,,4
330,mudanzas en nueva york,0,$0,1,,4
331,mudanzas en delicias chihuahua,0,$0,1,,4
332,cajas para mudanzas en amazon,0,$0,1,,4
333,mudanzas cerca de mi domicilio,0,$0,1,,4
334,mudanzas chavo del 8,0,$0,1,,4
335,servicios que ofrece mudanzas en cusco,0,$0,1,,4
336,mudanzas y trasteos cali,0,$0,1,,4
337,mejores empresas de mudanzas en zaragoza,0,$0,1,,4
338,fletes y mudanzas en oaxaca,0,$0,1,,4
339,fletes y mudanzas cerca,0,$0,1,,4
340,que se necesita para hacer fletes y mudanzas,0,$0,1,,4
341,fletes y mudanzas en culiacan sin,0,$0,1,,4
342,fletes y mudanzas ecatepec,0,$0,1,,4
343,fletes y mudanzas mh,0,$0,1,,4
344,fletes y mudanzas moreno,0,$0,1,,4
345,fletes y mudanzas perez,0,$0,1,,4
346,fletes y mudanzas momias guanajuato,0,$0,1,,4
347,fletes y mudanzas de hernandez,0,$0,1,,4
348,fletes y mudanzas josue,0,$0,1,,4
349,mudanzas baratas granada,0,$0,1,,12
350,mudanzas baratas en parla,0,$0,1,,4
351,mudanzas baratas castellon,0,$0,1,,12
352,servicios que ofrece mudanzas baratas madrid,0,$0,1,,4
353,mudanzas baratas santander,0,$0,1,,12
354,mudanzas baratas lleida,0,$0,1,,12
355,mudanzas baratas en ferrol,0,$0,1,,4
356,mudanzas baratas queretaro,0,$0,1,,12
357,mudanzas baratas gava,0,$0,1,,12
358,mudanzas baratas madrid malaga,0,$0,1,,4
359,empresas de mudanzas en huesca,0,$0,1,,4
360,empresas de mudanzas badajoz,0,$0,1,,4
361,empresas de mudanzas vitoria,0,$0,1,,4
362,empresas de mudanzas en tudela,0,$0,1,,4
363,empresas de mudanzas coruña,0,$0,1,,4
364,empresas de mudanzas alcorcon,0,$0,1,,4
365,empresas de mudanzas la plata,0,$0,1,,4
366,fletes y mudanzas ubicación cerca de cdad nezahualcóyotl méx,0,$0,1,,4
367,fletes y mudanzas cuautitlán izcalli económicos,0,$0,1,,4
368,mudanzas y fletes charo,0,$0,1,,4
369,opiniones de mudanzas y fletes araus castelar,0,$0,1,,4
370,fletes y mudanzas benjamin,0,$0,1,,4
371,fletes y mudanzas xalapa xalapa enríquez ver,0,$0,1,,4
372,fletes y mudanzas rosario,0,$0,1,,4
373,fletes y mudanzas mery uribe,0,$0,1,,4
374,fletes y mudanzas quiroga,0,$0,1,,4
375,fletes y mudanzas quiroz villa milpa alta,0,$0,1,,4
376,fletes y mudanzas los piñones,0,$0,1,,4
377,fletes y mudanzas xalapa,0,$0,1,,4
378,fletes y mudanzas zacatecas,0,$0,1,,4
379,fletes y mudanzas hifer,0,$0,1,,4
380,fletes y mudanzas huehuetoca,0,$0,1,,4
381,mudanzas 47 flete,0,$0,1,,12
382,plataformas elevadoras de mudanzas,0,$0,1,,4
383,yeni mudanzas,0,$0,1,,17
384,mudanzas maria jose,0,$0,1,,12
385,mudanzas version salsa,0,$0,1,,12
386,mudanzas la serie,0,$0,1,,12
387,mudanzas karaoke mentiras la serie,0,$0,1,,4
388,mudanzas la rosa de guadalupe,0,$0,1,,4
389,mudanzas ximena,0,$0,1,,17
390,mudanzas javier blake,0,$0,1,,12
391,mudanzas alejandro fernandez,0,$0,1,,12
392,mudanzas al cielo cap 2 español latino,0,$0,1,,4
393,mudanzas isaac sánchez,0,$0,1,,12
394,mudanzas a colombia desde usa,0,$0,1,,4
395,mudanzas anyvan,0,$0,1,,17
396,mudanzas henry,0,$0,1,,17
397,mudanzas bronx ny,0,$0,1,,12
398,muebles y mudanzas amado,0,$0,1,,4
399,mudanzas quebradillas,0,$0,1,,17
400,mudanzas geno,0,$0,1,,17
401,mudanzas en departamentos,0,$0,1,,12
402,como termina mudanzas al cielo,0,$0,1,,4
403,mudanzas quien la escribio,0,$0,1,,4
404,quien escribio mudanzas de lupita d alessio,0,$0,1,,4
405,mudanzas keiko,0,$0,1,,17
406,mudanzas cerca de mi mejor valorados,0,$0,1,,4
407,mudanzas cerca de mi abierto ahora,0,$0,1,,4
408,mudanzas don ramon,0,$0,1,,12
409,mudanzas o grove,0,$0,1,,12
410,mudanzas valle de santiago gto,0,$0,1,,4
411,empresas de mudanzas a coruña,0,$0,1,,4
412,empresas de mudanzas en leganes,0,$0,1,,4
413,empresas de mudanzas ciudad real,0,$0,1,,4
414,empresas de mudanzas jerez,0,$0,1,,4
415,empresas de mudanzas en vizcaya,0,$0,1,,4
416,empresas de mudanzas en guadalajara españa,0,$0,1,,4
417,empresas de mudanzas en soria,0,$0,1,,4
418,empresas de mudanzas ibague,0,$0,1,,4
419,empresas de mudanzas en tandil,0,$0,1,,4
420,mudanzas baratas almeria,0,$0,1,,12
421,mudanzas baratas manresa,0,$0,1,,12
422,mudanzas baratas granollers,0,$0,1,,12
423,mudanzas pachuca baratas,0,$0,1,,12
424,mudanzas baratas alcobendas,0,$0,1,,12
425,mudanzas en reynosa,0,$0,1,,12
426,mudanzas en un área de 1 mi,0,$0,1,,4
427,mudanzas yopal,0,$0,1,,17
428,mudanzas en denver colorado,0,$0,1,,4
429,mudanzas en un área de 800m,0,$0,1,,4
430,mudanzas en oviedo asturias,0,$0,1,,4
431,mudanzas en elche,0,$0,1,,12
432,mudanzas en a estrada,0,$0,1,,4
433,mudanzas 2024,0,$0,1,,17
434,mudanzas wilman,0,$0,1,,17
435,colegio online para mudanzas,0,$0,1,,4
436,fletes y mudanzas interlomas,0,$0,1,,4
437,fletes y mudanzas neuquen,0,$0,1,,4
438,fletes y mudanzas ixtapaluca,0,$0,1,,4
439,fletes y mudanzas merida yucatan,0,$0,1,,4
440,fletes y mudanzas iztapalapa,0,$0,1,,4
441,mudanzas y fletes gmt,0,$0,1,,4
442,fletes y mudanzas obera misiones,0,$0,1,,4
443,fletes y mudanzas que es,0,$0,1,,4
444,fletes y mudanzas internacionales,0,$0,1,,4
445,fletes y mudanzas guerrero,0,$0,1,,4
446,mudanzas y fletes la fuerza,0,$0,1,,4
447,mudanzas y fletes eye,0,$0,1,,4
448,fletes y mudanzas uriangato guanajuato,0,$0,1,,4
449,mudanzas y fletes sago leon gto,0,$0,1,,4
450,mudanzas y fletes economicos orizaba,0,$0,1,,4
451,mudanzas y fletes monterrey,0,$0,1,,4
452,fletes y mudanzas brisa,0,$0,1,,4
453,fletes y mudanzas guatemala,0,$0,1,,4
454,servicio de mudanzas región metropolitana,0,$0,1,,4
455,servicio de mudanzas guatemala,0,$0,1,,4
456,mudanzas que emocionan,0,$0,1,,12
457,fletes y mudanzas texcoco,0,$0,1,,4
458,fletes y mudanzas alvaro obregon,0,$0,1,,4
459,servicios que ofrece fletes y mudanzas copiapó atacama,0,$0,1,,4
460,fletes y mudanzas leyva,0,$0,1,,4
461,fletes y mudanzas tulancingo,0,$0,1,,4
462,fletes y mudanzas cabo san lucas,0,$0,1,,4
463,fletes y mudanzas valencia,0,$0,1,,4
464,fletes y mudanzas en santiago la granja,0,$0,1,,4
465,mudanzas para malambo,0,$0,1,,12
466,mudanzas para chacarera,0,$0,1,,12
467,mudanzas robotin,0,$0,1,,17
468,mudanzas remasterizado,0,$0,1,,17
469,reaccion a mudanzas lupita d'alessio,0,$0,1,,4
470,serie mudanzas al cielo capitulo 1,0,$0,1,,4
471,musica para mudanzas,0,$0,1,,12
472,mudanzas karina galicia,0,$0,1,,12
473,mudanzas lupita d'alessio version original,0,$0,1,,4
474,mudanzas foráneas castores,0,$0,1,,12
475,mudanzas iruña de pamplona,0,$0,1,,4
476,mudanzas de la peña,0,$0,1,,4
477,mudanzas en puebla,0,$0,1,,12
478,mudanzas isaac córdoba,0,$0,1,,12
479,mudanzas jg valencia,0,$0,1,,12
480,mudanzas quito sur,0,$0,1,,12
481,mudanzas xicotepec,0,$0,1,,17
482,mudanzas y guardamuebles rivas,0,$0,1,,4
483,donde comprar cajas mudanzas,0,$0,1,,4
484,mudanzas concon,0,$0,1,,17
485,mudanzas silva,0,$0,1,,17
486,constructora y mudanzas casagrande antofagasta,0,$0,1,,4
487,mudanzas barcelona servicio de mudanzas económicas reseñas,0,$0,1,,4
488,servicio de mudanzas quito,0,$0,1,,4
489,servicio de fletes y mudanzas area 51 transportes,0,$0,1,,4
490,mudanzas russafa,0,$0,1,,17
491,mudanzas que demoran letra,0,$0,1,,4
492,fletes y mudanzas acosta,0,$0,1,,4
493,fletes y mudanzas capital federal,0,$0,1,,4
494,fletes y mudanzas garcía cuernavaca,0,$0,1,,4
495,fletes y mudanzas la paz,0,$0,1,,4
496,mudanzas foraneas en queretaro,0,$0,1,,4
497,mudanzas jiutepec,0,$0,1,,17
498,ley 675 mudanzas,0,$0,1,,12
499,glosas o mudanzas,0,$0,1,,12
500,mudanzas o'grove,0,$0,1,,17
501,mudanzas wences,0,$0,1,,17
502,mudanzas en zumpango,0,$0,1,,12
503,mudanzas quedo,0,$0,1,,17
504,mudanzas xela,0,$0,1,,17
505,mudanzas santiago chillan,0,$0,1,,12
506,mudanzas baratas l'hospitalet de llobregat,0,$0,1,,4
507,empresas de mudanzas en rivas vaciamadrid,0,$0,1,,4
508,empresas de mudanzas alcoy,0,$0,1,,4
509,empresas de mudanzas cantabria,0,$0,1,,4
510,empresas de mudanzas en denia,0,$0,1,,4
511,empresas de limpieza mudanzas,0,$0,1,,4
512,fletes y mudanzas gustavo a madero,0,$0,1,,4
513,fletes y mudanzas qro,0,$0,1,,4
514,mudanzas y fletes montevideo,0,$0,1,,4
515,fletes y mudanzas fd,0,$0,1,,4
516,fletes y mudanzas ibarra,0,$0,1,,4
517,mudanzas y fletes guly,0,$0,1,,4
518,mudanzas y fletes economicos orizaba río blanco ver,0,$0,1,,4
519,fletes y mudanzas henry,0,$0,1,,4
520,fletes y mudanzas huixquilucan,0,$0,1,,4
521,fletes y mudanzas urgentes,0,$0,1,,4
522,fletes y mudanzas nezahualcóyotl,0,$0,1,,4
523,mudanzas y fletes cancun cancún qr,0,$0,1,,4
524,mudanzas de malambo faciles,0,$0,1,,4
525,notzaarah mudanzas,0,$0,1,,17
526,thalia mudanzas,0,$0,1,,17
527,mudanzas a la luna espinoza paz,0,$0,1,,4
528,mudanzas karaoke con letra,0,$0,1,,4
529,mudanzas nieves,0,$0,1,,17
530,mudanzas querétaro económicas,0,$0,1,,12
531,mudanzas y embalajes robert,0,$0,1,,4
532,mudanzas que embalan,0,$0,1,,12
533,como empezar hacer mudanzas,0,$0,1,,4
534,mudanzas mayor opiniones,0,$0,1,,12
535,mudanzas zona oeste,0,$0,1,,12
536,mudanzas vallenar,0,$0,1,,17
537,fletes y mudanzas morán santiago de querétaro qro,0,$0,1,,4
538,mudanzas baratas la coruña vaciado de pisos reseñas,0,$0,1,,4
539,mudanzas baratas vigo,0,$0,1,,12
540,mudanzas baratas puebla,0,$0,1,,12
541,mudanzas baratas carabanchel,0,$0,1,,12
542,empresas de mudanzas internacionales en mexico,0,$0,1,,4
543,empresas de mudanzas en ribadeo,0,$0,1,,4
544,empresas de mudanzas ourense,0,$0,1,,4
545,empresas de mudanzas tenerife sur,0,$0,1,,4
546,empresas de mudanzas en santo domingo,0,$0,1,,4
547,empresas de mudanzas en la rioja,0,$0,1,,4
548,empresas de mudanzas cerca de mi ubicación,0,$0,1,,4
549,empresas de mudanzas lanzarote,0,$0,1,,4
550,empresas de mudanzas panama,0,$0,1,,4
551,empresas de mudanzas cadiz,0,$0,1,,4
552,empresas de mudanzas en torrelavega,0,$0,1,,4
553,mudanzas 8a,0,$0,1,,17
554,fletes y mudanzas tlalpan local y foráneo 24 horas,0,$0,1,,4
555,fletes y mudanzas de vicente,0,$0,1,,4
556,fletes y mudanzas copiapó atacama,0,$0,1,,4
557,fletes y mudanzas flemmex,0,$0,1,,4
558,fletes y mudanzas los campeones,0,$0,1,,4
559,fletes y mudanzas de zacatecas zacatecas zac,0,$0,1,,4
560,fletes y mudanzas gary's boca del río,0,$0,1,,4
561,fletes y mudanzas don diego,0,$0,1,,4
562,fletes y mudanzas rosales,0,$0,1,,4
563,aplicación para fletes y mudanzas,0,$0,1,,4
564,fletes y mudanzas del norte,0,$0,1,,4
565,fletes y mudanzas soto hnos,0,$0,1,,4
566,mudanzas iztacalco,0,$0,1,,17
567,mudanzas y transportes aziz,0,$0,1,,4
568,mudanzas norte iquique,0,$0,1,,12
569,mudanzas 4 cosas,0,$0,1,,12
570,mudanzas denia,0,$0,1,,17
571,servicio de mudanzas foraneas,0,$0,1,,4
572,servicio vip mudanzas,0,$0,1,,12
573,servicio de carga y mudanzas en camion pequeño en chorrillos,0,$0,1,,4
574,fletes y mudanzas jilotepec,0,$0,1,,4
575,fletes y mudanzas zamora,0,$0,1,,4
576,fletes y mudanzas ubicación cerca de iztapalapa ciudad de méxico,0,$0,1,,4
577,fletes y mudanzas zona oeste,0,$0,1,,4
578,fletes y mudanzas hd,0,$0,1,,4
579,fletes y mudanzas local y foráneos,0,$0,1,,4
580,fletes y mudanzas huejotzingo,0,$0,1,,4
581,fletes y mudanzas vergara,0,$0,1,,4
582,fletes y mudanzas nick oaxaca oaxaca de juárez oax,0,$0,1,,4
583,fletes y mudanzas ornelas tepic nay,0,$0,1,,4
584,fletes mudanzas y paqueteria seguras de ixtapaluca,0,$0,1,,4
585,fletes y mudanzas haedo,0,$0,1,,4
586,mudanzas y fletes chihuahua muda dos,0,$0,1,,4
587,mudanzas en ojo de agua,0,$0,1,,4
588,cajas para mudanzas en leroy merlin,0,$0,1,,4
589,mudanzas cerca de mi en un área de 800m,0,$0,1,,4
590,mudanzas en zumpango de ocampo,0,$0,1,,4
591,mudanzas 24 opiniones,0,$0,1,,12
592,mudanzas azocar,0,$0,1,,17
593,mudanzas en zipaquira,0,$0,1,,12
594,las mudanzas son portales,0,$0,1,,4
595,mudanzas xativa,0,$0,1,,17
596,mudanzas 3 palacios,0,$0,1,,12
597,mudanzas en wilde,0,$0,1,,12
598,mudanzas en uruapan michoacán,0,$0,1,,4
599,mudanzas en el molinito naucalpan,0,$0,1,,4
600,como cotizar mudanzas,0,$0,1,,12
601,mudanzas en rionegro,0,$0,1,,12
602,mudanzas en jesus maria,0,$0,1,,4
603,mudanzas santiago puerto montt,0,$0,1,,4
604,mudanzas en jojutla morelos,0,$0,1,,4
605,mudanzas en jardines de morelos ecatepec,0,$0,1,,4
606,cajas para mudanzas 60x40x40,0,$0,1,,4
607,mudanzas en alcobendas y san sebastián de los reyes,0,$0,1,,4
608,mudanzas en el ejido,0,$0,1,,4
609,mudanzas villarrica,0,$0,1,,17
610,mudanzas quindio,0,$0,1,,17
611,mudanzas lupita d'alessio reaccion,0,$0,1,,4
612,mudanzas salsa,0,$0,1,,17
613,mudanzas miriam karaoke,0,$0,1,,12
614,mudanzas 360 monterrey,0,$0,1,,12
615,mudanzas zapopan jalisco,0,$0,1,,12
616,mudanzas uresti,0,$0,1,,17
617,mudanzas foráneas cdmx,0,$0,1,,12
618,mudanzas jubera,0,$0,1,,17
619,mudanzas viveros 3g,0,$0,1,,12
620,mudanzas kemit,0,$0,1,,17
621,mudanzas 24 baires,0,$0,1,,12
622,mudanzas full,0,$0,1,,17
623,como hacer mudanzas con gatos,0,$0,1,,4
624,mudanzas rubra,0,$0,1,,17
625,mudanzas cerca de iztapalapa ciudad de méxico,0,$0,1,,4
626,mudanzas xallas coruña,0,$0,1,,12
627,karaoke mudanzas tono bajo,0,$0,1,,4
628,mudanzas el costalero josé mota,0,$0,1,,4
629,mudanzas con belinda,0,$0,1,,12
630,mudanzas version hombre,0,$0,1,,12
631,shark tank mudanzas,0,$0,1,,12
632,mudanzas duparcq las palmas,0,$0,1,,4
633,mudanzas feltrero salamanca,0,$0,1,,12
634,mudanzas hartu,0,$0,1,,17
635,mudanzas fortun,0,$0,1,,17
636,mudanzas federico ramos,0,$0,1,,12
637,mudanzas potosinas,0,$0,1,,17
638,empresas de mudanzas en segovia,0,$0,1,,4
639,empresas de mudanzas en linares,0,$0,1,,4
640,empresas de mudanzas nacionales colombia,0,$0,1,,4
641,empresas de mudanzas en vicente lopez,0,$0,1,,4
642,empresas de mudanzas en sevilla precios,0,$0,1,,4
643,empresas de mudanzas zona oeste,0,$0,1,,4
644,mudanzas baratas en murcia,0,$0,1,,4
645,mudanzas baratas castellon reseñas,0,$0,1,,4
646,mudanzas 24 horas en puente alto,0,$0,1,,4
647,mudanzas quetzaltenango,0,$0,1,,17
648,mudanzas en valle de chalco,0,$0,1,,4
649,mudanzas en houston texas,0,$0,1,,4
650,mudanzas calle 44 la plata,0,$0,1,,4
651,mudanzas cerca de aquí,0,$0,1,,4
652,mudanzas en burgos,0,$0,1,,12
653,mudanzas en heroes tecamac,0,$0,1,,4
654,mudanzas en junin,0,$0,1,,12
655,mudanzas en jaca,0,$0,1,,12
656,mudanzas a puerto rico container,0,$0,1,,4
657,mudanzas wilson,0,$0,1,,17
658,mudanzas 3 toneladas,0,$0,1,,12
659,mudanzas 999,0,$0,1,,17
660,mudanzas en vilanova i la geltru,0,$0,1,,4
661,mudanzas en jalisco,0,$0,1,,12
662,mudanzas en reynosa precios,0,$0,1,,4
663,mudanzas para mexico desde los angeles,0,$0,1,,4
664,mudanzas jurado,0,$0,1,,17
665,mudanzas west palm beach,0,$0,1,,4
666,cuanto cuesta un servicio de mudanzas,0,$0,1,,4
667,servicio de mudanzas en cordoba,0,$0,1,,4
668,servicios integrales de fletes y mudanzas ht,0,$0,1,,4
669,opiniones de mudanzas y fletes renteria león de los aldama,0,$0,1,,4
670,fletes y mudanzas jiutepec,0,$0,1,,4
671,fletes y mudanzas puerto vallarta,0,$0,1,,4
672,fletes y mudanzas buenos aires,0,$0,1,,4
673,mudanzas y fletes zeron san pedro sula,0,$0,1,,4
674,fletes y mudanzas jugar,0,$0,1,,4
675,fletes y mudanzas xonacatlan,0,$0,1,,4
676,mudanzas fletes y traslados,0,$0,1,,4
677,mudanzas y fletes renteria león de los aldama gto,0,$0,1,,4
678,fletes y mudanzas villahermosa tabasco,0,$0,1,,4
679,fletes y mudanzas emiliano zapata,0,$0,1,,4
680,fletes y mudanzas fenix,0,$0,1,,4
681,mudanzas y fletes maldonado,0,$0,1,,4
682,fletes y mudanzas ubicación cerca de zumpango de ocampo méx,0,$0,1,,4
683,fletes y mudanzas apizaco,0,$0,1,,4
684,fletes y mudanzas palacios,0,$0,1,,4
685,fletes y mudanzas tulipanes fraccionamientos del sur hgo,0,$0,1,,4
686,fletes y mudanzas rio cuarto,0,$0,1,,4
687,fletes y mudanzas apodaca,0,$0,1,,4
688,seguros para empresas de mudanzas,0,$0,1,,4
689,porque las mudanzas estresan,0,$0,1,,4
690,empresas de transporte para mudanzas,0,$0,1,,4
691,mudanzas manquehue opiniones,0,$0,1,,12
692,mudanzas queretaro mejor valorados,0,$0,1,,4
693,mudanzas a otro estado,0,$0,1,,4
694,servicio de mudanzas en oaxaca,0,$0,1,,4
695,cnae servicio de mudanzas,0,$0,1,,4
696,servicio mudanzas valero logistik valencia reseñas,0,$0,1,,4
697,opiniones de servicio mudanzas valero logistik valencia alboraya,0,$0,1,,4
698,servicio de mudanzas en morelia,0,$0,1,,4
699,servicio de mudanzas en neuquen,0,$0,1,,4
700,servicio de mudanzas sjl,0,$0,1,,4
701,servicio de mudanzas en bucaramanga,0,$0,1,,4
702,cotizador mudanzas,0,$0,1,,17
703,mudanzas para pianos,0,$0,1,,12
704,mudanzas kristian,0,$0,1,,17
705,mudanzas railen,0,$0,1,,17
706,mudanzas kl bengala,0,$0,1,,12
707,mudanzas 10 de octubre,0,$0,1,,4
708,tarjeta de presentacion fletes y mudanzas,0,$0,1,,4
709,camion mudanzas en viña de mar,0,$0,1,,4
710,mudanzas y fletes transportes sjr,0,$0,1,,4
711,fletes y mudanzas locales y foráneas,0,$0,1,,4
712,mudanzas y fletes torres,0,$0,1,,4
713,mudanzas y fletes avila cd de méxico,0,$0,1,,4
714,mudanzas y fletes mendez,0,$0,1,,4
715,fletes y mudanzas económico y barato dyj,0,$0,1,,4
716,mudanzas y fletes salta,0,$0,1,,4
717,fletes y mudanzas zapopan,0,$0,1,,4
718,fletes y mudanzas foraneas,0,$0,1,,4
719,fletes y mudanzas en un área de 1 6 km,0,$0,1,,4
720,fletes y mudanzas la paz bcs,0,$0,1,,4
721,horario para hacer mudanzas en la cdmx,0,$0,1,,4
722,mudanzas en queens ny,0,$0,1,,4
723,mudanzas urbano madrid opiniones,0,$0,1,,4
724,mudanzas 24 7 costa rica,0,$0,1,,4
725,mudanzas en zafra,0,$0,1,,12
726,mudanzas en kendall,0,$0,1,,12
727,mudanzas en juarez nuevo leon,0,$0,1,,4
728,mudanzas en jiutepec morelos,0,$0,1,,4
729,322 mudanzas,0,$0,1,,17
730,mudanzas huelva,0,$0,1,,17
731,mudanzas en armenia quindío,0,$0,1,,4
732,mudanzas en zihuatanejo,0,$0,1,,12
733,cajas de carton para mudanzas en cali,0,$0,1,,4
734,mudanzas baratas en chillan,0,$0,1,,4
735,mudanzas xochitepec morelos,0,$0,1,,12
736,mudanzas en el puerto de santa maria,0,$0,1,,4
737,mudanzas xirivella,0,$0,1,,17
738,mudanzas en yecla,0,$0,1,,12
739,mudanzas en getxo,0,$0,1,,12
740,mudanzas en usera,0,$0,1,,12
741,mudanzas en orihuela,0,$0,1,,12
742,mudanzas hispalis,0,$0,1,,17
743,mudanzas en gipuzkoa,0,$0,1,,12
744,mudanzas kayser,0,$0,1,,17
745,fletes y mudanzas qro santiago de querétaro qro,0,$0,1,,4
746,mudanzas osorno a santiago,0,$0,1,,4
747,mudanzas baratas near me,0,$0,1,,4
748,mudanzas baratas puerto rico,0,$0,1,,4
749,mudanzas baratas madrid alicante,0,$0,1,,4
750,mudanzas baratas en cuajimalpa,0,$0,1,,4
751,empresas de mudanzas almeria,0,$0,1,,4
752,empresas de mudanzas pamplona,0,$0,1,,4
753,empresas de mudanzas en don benito,0,$0,1,,4
754,empresas de mudanzas en utrera,0,$0,1,,4
755,empresas de mudanzas internacionales recomendación grupo amygo,0,$0,1,,4
756,mudanzas escobar empresas,0,$0,1,,12
757,empresas de mudanzas en guatemala,0,$0,1,,4
758,empresas de mudanzas en palencia,0,$0,1,,4
759,ley de copropiedad mudanzas,0,$0,1,,4
760,mudanzas en chillán,0,$0,1,,12
761,fletes y mudanzas de zacatecas,0,$0,1,,4
762,nombre para fletes y mudanzas,0,$0,1,,4
763,opiniones de fletes y mudanzas 24 hs,0,$0,1,,4
764,transporte de envios y mudanzas,0,$0,1,,4
765,mudanzas tøtem,0,$0,1,,17
766,mudanzas en letra,0,$0,1,,12
767,mudanzas cover hombre,0,$0,1,,12
768,mudanzas colette,0,$0,1,,17
769,mudanzas kika edgar,0,$0,1,,12
770,mudanzas de lupita d'alessio karaoke,0,$0,1,,4
771,mudanzas malambo norteño,0,$0,1,,12
772,mudanzas maguila,0,$0,1,,17
773,mudanzas mentidrags,0,$0,1,,17
774,mudanzas con calidad y precio dallas,0,$0,1,,4
775,mudanzas con garantía y precio dallas,0,$0,1,,4
776,mudanzas willy tavernes blanques,0,$0,1,,4
777,mudanzas 5 estrellas,0,$0,1,,12
778,mudanzas 2001 caba,0,$0,1,,12
779,mudanzas puerto varas spa,0,$0,1,,4
780,mudanzas el 608,0,$0,1,,12
781,mudanzas sin muebles,0,$0,1,,12
782,mudanzas con elevador valencia,0,$0,1,,4
783,mudanzas que significa,0,$0,1,,12
784,mudanzas williams reseñas,0,$0,1,,12
785,mudanzas para republica dominicana,0,$0,1,,4
786,mudanzas en xochimilco centro,0,$0,1,,4
787,mudanzas en ferrolterra,0,$0,1,,12
788,mudanzas en fusagasuga,0,$0,1,,12
789,mudanzas economicas en merida yucatan,0,$0,1,,4
790,mudanzas que demoran,0,$0,1,,12
791,mudanzas en benalmádena,0,$0,1,,12
792,mudanzas y acarreos medellin,0,$0,1,,4
793,mudanzas en tecamac,0,$0,1,,12
794,mudanzas en orizaba,0,$0,1,,12
795,mudanzas en un área de 1 6 km,0,$0,1,,4
796,mudanzas 10,0,$0,1,,17
797,mudanzas en zarautz,0,$0,1,,12
798,mudanzas en rota,0,$0,1,,12
799,mudanzas 134,0,$0,1,,17
800,mudanzas en ixtapaluca baratas,0,$0,1,,4
801,fletes y mudanzas hermanos rueda,0,$0,1,,4
802,mudanzas y fletes transporte sylvestre ituzaingó provincia de buenos aires,0,$0,1,,4
803,fletes y mudanzas valle de chalco,0,$0,1,,4
804,fletes y mudanzas belén,0,$0,1,,4
805,mudanzas fletes y guardamuebles abc,0,$0,1,,4
806,mudanzas y fletes colegiales,0,$0,1,,4
807,fletes mudanzas y traslados jorge las piedras,0,$0,1,,4
808,mudanzas y fletes económicas ciudad de méxico cdmx,0,$0,1,,4
809,mudanzas y fletes puebla,0,$0,1,,4
810,fletes y mudanzas de los cabos,0,$0,1,,4
811,fletes y mudanzas guevara,0,$0,1,,4
812,fletes y mudanzas de villahermosa,0,$0,1,,4
813,fletes y mudanzas mexicali,0,$0,1,,4
814,fletes y mudanzas leon,0,$0,1,,4
815,fletes y mudanzas tampico,0,$0,1,,4
816,fletes y mudanzas en morelia,0,$0,1,,4
817,transportes y mudanzas santa paulina,0,$0,1,,4
818,mudanzas david santiago,0,$0,1,,12
819,fletes y mudanzas ramón santiago del estero,0,$0,1,,4
820,empresas de mudanzas manizales,0,$0,1,,4
821,empresas de mudanzas en resistencia chaco,0,$0,1,,4
822,empresas de mudanzas getafe,0,$0,1,,4
823,empresas de mudanzas valledupar,0,$0,1,,4
824,mudanzas baratas en estados unidos,0,$0,1,,4
825,servicio de mudanzas pequeñas,0,$0,1,,4
826,servicio de mudanzas cali,0,$0,1,,4
827,servicio mudanzas valero logistik valencia,0,$0,1,,4
828,trasteos o mudanzas,0,$0,1,,12
829,mudanzas 24/7 express,0,$0,1,,12
830,mudanzas vlogs,0,$0,1,,17
831,mudanzas polinesios,0,$0,1,,17
832,mudanzas de malambo sureño,0,$0,1,,4
833,mudanzas sophy,0,$0,1,,17
834,mudanzas transitarios cerca de barcelona,0,$0,1,,4
835,mudanzas oliva donostia,0,$0,1,,12
836,mudanzas hgr,0,$0,1,,17
837,mudanzas ushuaia,0,$0,1,,17
838,mudanzas 1 euro x km reseñas,0,$0,1,,4
839,mudanzas ubeda telefono,0,$0,1,,12
840,mudanzas 9 de julio,0,$0,1,,4
841,mudanzas kyr,0,$0,1,,17
842,servicio mudanzas tacna,0,$0,1,,12
843,servicio de mudanzas y flete,0,$0,1,,4
844,servicio de mudanzas en punta arenas,0,$0,1,,4
845,servicio de mudanzas sevilla,0,$0,1,,4
846,servicio de fletes y mudanzas padilla,0,$0,1,,4
847,mudanzas cerca de mi casa,0,$0,1,,4
848,mudanzas baratas en leon,0,$0,1,,4
849,mudanzas baratas barcelona opiniones,0,$0,1,,4
850,mudanzas baratas madrid bilbao,0,$0,1,,4
851,mudanzas baratas en fuenlabrada,0,$0,1,,4
852,empresas de mudanzas pontevedra,0,$0,1,,4
853,empresas de mudanzas en ocaña,0,$0,1,,4
854,empresas de mudanzas sabadell,0,$0,1,,4
855,empresas de mudanzas en tegucigalpa,0,$0,1,,4
856,empresas de mudanzas mallorca,0,$0,1,,4
857,empresas de mudanzas opiniones,0,$0,1,,4
858,fletes y mudanzas santiago tianguistenco,0,$0,1,,4
859,mudanzas en santiago tianguistenco,0,$0,1,,4
860,alquiler furgonetas mudanzas en puente alto,0,$0,1,,4
861,cuando se pueden hacer mudanzas en caba,0,$0,1,,4
862,mudanzas en toluca y metepec,0,$0,1,,4
863,mudanzas macul,0,$0,1,,17
864,mudanzas en zamora michoacán,0,$0,1,,4
865,mudanzas en kissimmee,0,$0,1,,12
866,mudanzas o,0,$0,1,,17
867,mudanzas 2m,0,$0,1,,17
868,mudanzas quilmes,0,$0,1,,17
869,mudanzas en ribadeo,0,$0,1,,12
870,cuando sale mudanzas al cielo temporada 2,0,$0,1,,4
871,mudanzas foraneas en monterrey,0,$0,1,,4
872,mudanzas para hoy,0,$0,1,,12
873,mudanzas movicorp,0,$0,1,,17
874,mudanzas en donostia,0,$0,1,,12
875,mudanzas en los andes chile,0,$0,1,,4
876,mudanzas xalapa económicas,0,$0,1,,12
877,mudanzas para mexico,0,$0,1,,12
878,fletes y mudanzas ixtapaluca ixtapaluca méx,0,$0,1,,4
879,mudanzas y fletes covarrubias,0,$0,1,,4
880,fletes y mudanzas jrg aguascalientes,0,$0,1,,4
881,fletes y mudanzas hermosillo,0,$0,1,,4
882,fletes y mudanzas zumpango de ocampo,0,$0,1,,4
883,fletes y mudanzas uruapan,0,$0,1,,4
884,mudanzas y fletes gp mexicali bc,0,$0,1,,4
885,mudanzas y fletes lujo,0,$0,1,,4
886,mudanzas y fletes cdmx,0,$0,1,,4
887,mudanzas juanjo,0,$0,1,,17
888,mudanzas jl,0,$0,1,,17
889,como afectan las mudanzas en los niños,0,$0,1,,4
890,fletes y mudanzas en celaya,0,$0,1,,4
891,fletes y mudanzas en toluca,0,$0,1,,4
892,fletes y mudanzas pagani,0,$0,1,,4
893,fletes y mudanzas jc,0,$0,1,,4
894,fletes y mudanzas guiarte,0,$0,1,,4
895,fletes y mudanzas ecatepec baratas,0,$0,1,,4
896,mudanzas lupita d'alessio remasterizado,0,$0,1,,4
897,mudanzas version brasileña,0,$0,1,,12
898,mudanzas miriam en la academia,0,$0,1,,4
899,mudanzas kairos mix,0,$0,1,,12
900,silvio gamer mudanzas,0,$0,1,,12
901,mudanzas xallas a coruña,0,$0,1,,4
902,mudanzas suñer palma,0,$0,1,,12
903,mudanzas con garantía dallas tx,0,$0,1,,4
904,mejores compañías de mudanzas nacionales 2020,0,$0,1,,4
905,mudanzas retorno cl,0,$0,1,,12
906,mudanzas willy opiniones,0,$0,1,,12
907,7 mudanzas de villarrica,0,$0,1,,4
908,empresas de mudanzas en torrevieja,0,$0,1,,4
909,empresas de mudanzas en fuenlabrada,0,$0,1,,4
910,empresas de mudanzas en illescas,0,$0,1,,4
911,empresas de mudanzas armenia,0,$0,1,,4
912,empresas de mudanzas en gandia,0,$0,1,,4
913,empresas de mudanzas en igualada,0,$0,1,,4
914,empresas de mudanzas mejor valorados,0,$0,1,,4
915,empresas de mudanzas cdmx,0,$0,1,,4
916,empresas de mudanzas internacionales en colombia,0,$0,1,,4
917,empresas de mudanzas en jaen capital,0,$0,1,,4
918,mudanzas baratas aluche,0,$0,1,,12
919,furgonetas mudanzas baratas,0,$0,1,,12
920,mudanzas y cargas gonzalez santiago de los caballeros,0,$0,1,,4
921,fletes y mudanzas económicas queretaro santiago de querétaro qro,0,$0,1,,4
922,fletes y mudanzas nick oaxaca,0,$0,1,,4
923,fletes y mudanzas jujuy,0,$0,1,,4
924,fletes y mudanzas en un área de 5 mi,0,$0,1,,4
925,psg i mudanzas y fletes cdad de guatemala,0,$0,1,,4
926,fletes y mudanzas nogales sonora,0,$0,1,,4
927,fletes y mudanzas quilmes,0,$0,1,,4
928,fletes y mudanzas tlalnepantla,0,$0,1,,4
929,fletes y mudanzas en puebla,0,$0,1,,4
930,fletes y mudanzas en zapopan jalisco,0,$0,1,,4
931,fletes y mudanzas providencia,0,$0,1,,4
932,fletes y mudanzas badillo,0,$0,1,,4
933,fletes y mudanzas leon de moreno,0,$0,1,,4
934,fletes y mudanzas ornelas,0,$0,1,,4
935,mudanzas en español,0,$0,1,,12
936,mudanzas en oaxaca centro,0,$0,1,,4
937,mudanzas walter harry,0,$0,1,,12
938,quien compuso mudanzas,0,$0,1,,12
939,mudanzas 3palacios fletes y mudanzas mudanzas en cdmx mudanzas economicas,0,$0,1,,4
940,las mudanzas son estresantes,0,$0,1,,4
941,mudanzas en rosario precios,0,$0,1,,4
942,mudanzas cerca de gustavo a madero ciudad de méxico,0,$0,1,,4
943,mudanzas en huejotzingo,0,$0,1,,12
944,mudanzas en nuevo laredo tamaulipas,0,$0,1,,4
945,mudanzas 24hs,0,$0,1,,17
946,mudanzas en utah,0,$0,1,,12
947,empresas de mudanzas entre regiones,0,$0,1,,4
948,mudanzas que facturen,0,$0,1,,12
949,mudanzas en xativa,0,$0,1,,12
950,servicio de mudanzas en celaya gto,0,$0,1,,4
951,servicio de mudanzas en culiacan,0,$0,1,,4
952,servicio de mudanzas en cartagena,0,$0,1,,4
953,servicio de mudanzas queretaro,0,$0,1,,4
954,transporte y logistica mudanzas el nogal sas,0,$0,1,,4
955,mudanzas regina blandon,0,$0,1,,12
956,ana gabriel mudanzas,0,$0,1,,12
957,mudanzas en arabia,0,$0,1,,12
958,mudanzas karaoke tono bajo,0,$0,1,,4
959,mudanzas lupita d'alessio mentiras,0,$0,1,,4
960,mudanzas baja 1000 fotos,0,$0,1,,4
961,mudanzas cerca de bronx,0,$0,1,,4
962,mudanzas para otro estado,0,$0,1,,4
963,fletes y mudanzas 14 sur heroica puebla de zaragoza pue,0,$0,1,,4
964,como se dice mudanzas en ingles,0,$0,1,,4
965,mudanzas y transporte 1a medellín,0,$0,1,,4
966,mudanzas ixtapaluca,0,$0,1,,17
967,mudanzas kelly,0,$0,1,,17
968,mudanzas de 3.5 toneladas,0,$0,1,,4
969,servicio de mudanzas en aguascalientes,0,$0,1,,4
970,servicio de transporte de mudanzas,0,$0,1,,4
971,servicio de mudanzas aguascalientes,0,$0,1,,4
972,servicio de mudanzas mendoza,0,$0,1,,4
973,fletes y mudanzas zumpango,0,$0,1,,4
974,fletes y mudanzas quiroz,0,$0,1,,4
975,fletes y mudanzas morelia económicas,0,$0,1,,4
976,fletes y mudanzas xalapa economicos xalapa enríquez ver,0,$0,1,,4
977,fletes blue mudanzas y fletes,0,$0,1,,4
978,fletes y mudanzas nazareth,0,$0,1,,4
979,fletes y mudanzas acapulco,0,$0,1,,4
980,fletes y mudanzas zinacantepec,0,$0,1,,4
981,mudanzas y fletes en lanus,0,$0,1,,4
982,mudanzas y fletes irapuato,0,$0,1,,4
983,fletes y mudanzas nicolas romero,0,$0,1,,4
984,fletes y mudanzas jose cdad autónoma de buenos aires,0,$0,1,,4
985,mudanzas fletes del sur,0,$0,1,,4
986,mudanzas y fletes traslados efectivos ciudad de méxico,0,$0,1,,4
987,fletes y mudanzas belén río cuarto córdoba,0,$0,1,,4
988,fletes y mudanzas repartos fletes rió cuarto río cuarto córdoba,0,$0,1,,4
989,fletes y mudanzas guzman,0,$0,1,,4
990,fletes y mudanzas nava,0,$0,1,,4
991,fletes y mudanzas familia díaz,0,$0,1,,4
992,fletes y mudanzas barragan,0,$0,1,,4
993,fletes y mudanzas m360,0,$0,1,,4
994,fletes y mudanzas rivera,0,$0,1,,4
995,fletes y mudanzas ambato,0,$0,1,,4
996,fletes y mudanzas barrera,0,$0,1,,4
997,servicio de mudanzas santiago chile,0,$0,1,,4
998,mudanzas y fletes santiago centro baratos,0,$0,1,,4
999,mudanzas baratas morelia,0,$0,1,,12
1000,mudanzas baratas murcia,0,$0,1,,12
1001,mudanzas chile experto,0,$0,1,,12
1002,empresas de mudanzas lugo,0,$0,1,,4
1003,empresas de mudanzas en figueres,0,$0,1,,4
1004,empresas de mudanzas en valdemoro,0,$0,1,,4
1005,empresas de mudanzas ponferrada,0,$0,1,,4
1006,empresas de mudanzas leon,0,$0,1,,4
1007,opiniones de empresas de mudanzas y transportes santa paulina renca,0,$0,1,,4
1008,empresas de mudanzas y trasteos en medellin,0,$0,1,,4
1009,mudanzas 3 hermanos,0,$0,1,,12
1010,mudanzas como hacer,0,$0,1,,12
1011,mudanzas 365,0,$0,1,,17
1012,mudanzas 7 de agosto,0,$0,1,,4
1013,mudanzas en queens new york,0,$0,1,,4
1014,qué tipos de mudanzas hay,0,$0,1,,4
1015,mudanzas mayor reclamos,0,$0,1,,12
1016,mudanzas xochitepec,0,$0,1,,17
1017,cajas de carton para mudanzas en medellin,0,$0,1,,4
1018,mudanzas urbano cordoba,0,$0,1,,12
1019,mudanzas en ermita iztapalapa,0,$0,1,,4
1020,mudanzas en dos hermanas,0,$0,1,,4
1021,mudanzas del gran concepcion,0,$0,1,,4
1022,mudanzas en pachuca hidalgo,0,$0,1,,4
1023,mudanzas regiones,0,$0,1,,17
1024,mudanzas usera,0,$0,1,,17
1025,mudanzas en uruapan mich,0,$0,1,,4
1026,mudanzas jenni rivera en vivo,0,$0,1,,4
1027,mudanzas jenni rivera monterrey,0,$0,1,,4
1028,francotirarock mudanzas,0,$0,1,,17
1029,mudanzas reaccion,0,$0,1,,17
1030,mudanzas la academia,0,$0,1,,12
1031,mudanzas oscar escalada,0,$0,1,,12
1032,mudanzas a puebla,0,$0,1,,12
1033,mudanzas de new york a florida,0,$0,1,,4
1034,mudanzas para puerto rico estimados,0,$0,1,,4
1035,mudanzas josé vicente gijón,0,$0,1,,4
1036,mudanzas obregon,0,$0,1,,17
1037,mudanzas transitarios cerca de mi,0,$0,1,,4
1038,mudanzas virgen de los reyes sevilla,0,$0,1,,4
1039,que son las mudanzas en la danza,0,$0,1,,4
1040,mudanzas zaragoza sangil reseñas,0,$0,1,,4
1041,mudanzas williams villanueva de la cañada,0,$0,1,,4
1042,mudanzas 2 amigos,0,$0,1,,12
1043,mudanzas sin camion,0,$0,1,,12
1044,mudanzas willy reseñas,0,$0,1,,12
1045,mudanzas 44 la plata,0,$0,1,,4
1046,eurotrans base logistica de mudanzas sl,0,$0,1,,4
1047,mudanzas de 3 toneladas,0,$0,1,,4
1048,mudanzas que son,0,$0,1,,12
1049,servicios de mudanzas en puente alto,0,$0,1,,4
1050,empresas de mudanzas en vitoria gasteiz,0,$0,1,,4
1051,empresas de mudanzas maresme,0,$0,1,,4
1052,empresas de mudanzas logroño,0,$0,1,,4
1053,empresas de mudanzas y guardamuebles en madrid,0,$0,1,,4
1054,empresas de mudanzas neiva,0,$0,1,,4
1055,empresas de mudanzas lleida,0,$0,1,,4
1056,empresas de mudanzas en lucena,0,$0,1,,4
1057,empresas de mudanzas en tres cantos,0,$0,1,,4
1058,empresas de mudanzas albacete,0,$0,1,,4
1059,empresas de mudanzas en ronda,0,$0,1,,4
1060,empresas de mudanzas tunja,0,$0,1,,4
1061,empresas de mudanzas en ibiza,0,$0,1,,4
1062,mudanzas baratas bogota,0,$0,1,,12
1063,mudanzas baratas badajoz,0,$0,1,,12
1064,mudanzas baratas palma,0,$0,1,,12
1065,mudanzas baratas en gijon,0,$0,1,,4
1066,mudanzas baratas cdmx,0,$0,1,,12
1067,mudanzas baratas getafe,0,$0,1,,12
1068,mudanzas baratas madrid reseñas,0,$0,1,,4
1069,mudanzas baratas en vitoria,0,$0,1,,4
1070,mudanzas baratas sabadell,0,$0,1,,12
1071,mudanzas baratas alcala de henares,0,$0,1,,4
1072,fotos de fletes y mudanzas kini zitácuaro,0,$0,1,,4
1073,fletes y mudanzas cuernavaca,0,$0,1,,4
1074,fletes y mudanzas gomez palacio,0,$0,1,,4
1075,fletes y mudanzas san juan del rio,0,$0,1,,4
1076,fletes y mudanzas aldama mazatlán,0,$0,1,,4
1077,donde se filmo mudanzas al cielo,0,$0,1,,4
1078,mudanzas en tepic nayarit,0,$0,1,,4
1079,mudanzas en nicolás romero,0,$0,1,,4
1080,mudanzas que carga,0,$0,1,,12
1081,mudanzas jubera vitoria,0,$0,1,,12
1082,mudanzas quintana,0,$0,1,,17
1083,mudanzas en puerto vallarta,0,$0,1,,4
1084,mudanzas en nezahualcóyotl estado de méxico,0,$0,1,,4
1085,mudanzas en león baratas,0,$0,1,,4
1086,xavi mudanzas ciutadella,0,$0,1,,12
1087,mudanzas que empacan,0,$0,1,,12
1088,mudanzas en elda,0,$0,1,,12
1089,mudanzas de chile a venezuela,0,$0,1,,4
1090,mudanzas en flores,0,$0,1,,12
1091,mudanzas en estepona,0,$0,1,,12
1092,mas que mudanzas,0,$0,1,,12
1093,mudanzas en xochimilco,0,$0,1,,12
1094,mudanzas 3 cantos,0,$0,1,,12
1095,persona que hace mudanzas en ingles,0,$0,1,,4
1096,mudanzas en barakaldo,0,$0,1,,12
1097,alquiler de furgonetas para mudanzas en zaragoza,0,$0,1,,4
1098,mudanzas express 365 reseñas,0,$0,1,,4
1099,mudanzas en francia,0,$0,1,,12
1100,mudanzas en queretaro baratas,0,$0,1,,4
1101,mudanzas 322 barranquilla,0,$0,1,,12
1102,transportistas para mudanzas,0,$0,1,,12
1103,fletes y mudanzas 24 7,0,$0,1,,4
1104,www mudanzas y fletes,0,$0,1,,4
1105,fletes y mudanzas nick,0,$0,1,,4
1106,fletes y mudanzas zamora michoacan,0,$0,1,,4
1107,fletes y mudanzas tlaxcala,0,$0,1,,4
1108,servicio de mudanzas en puebla,0,$0,1,,4
1109,mudanzas casa grande antofagasta,0,$0,1,,4
1110,mejor servicio de mudanzas,0,$0,1,,4
1111,servicio de mudanzas en mendoza,0,$0,1,,4
1112,mudanzas barcelona servicio de mudanzas económicas,0,$0,1,,4
1113,servicio de mudanzas en pachuca,0,$0,1,,4
1114,transporte lecina cargas generales fletes mudanzas servicio,0,$0,1,,4
1115,karaoke mudanzas tono hombre,0,$0,1,,4
1116,mudanzas en karaoke,0,$0,1,,12
1117,mudanzas aleja y la grua,0,$0,1,,4
1118,mudanzas mentiras el musical,0,$0,1,,4
1119,stray mudanzas full album,0,$0,1,,4
1120,sfdk mudanzas reaccion,0,$0,1,,12
1121,mudanzas con jenni rivera,0,$0,1,,4
1122,mudanzas rincon,0,$0,1,,17
1123,mudanzas francesc macia,0,$0,1,,12
1124,mudanzas transitarios cerca de madrid,0,$0,1,,4
1125,mudanzas gou méxico,0,$0,1,,12
1126,mudanzas con promociones dallas tx,0,$0,1,,4
1127,cajas de carton para mudanzas obramat,0,$0,1,,4
1128,zavala grúas mudanzas y transportes fotos,0,$0,1,,4
1129,mudanzas sin ascensor,0,$0,1,,12
1130,mudanzas cerca de aqui,0,$0,1,,4
1131,que significa mudanzas yle,0,$0,1,,4
1132,mudanzas halcones de mexico,0,$0,1,,4
1133,mudanzas zipaquira,0,$0,1,,17
1134,mudanzas talagante,0,$0,1,,17
1135,camion mudanzas en puente alto,0,$0,1,,4
1136,mudanzas en utrera,0,$0,1,,12
1137,mudanzas en iztapalapa,0,$0,1,,12
1138,mudanzas en parana,0,$0,1,,12
1139,mudanzas en iztacalco,0,$0,1,,12
1140,mudanzas en itagui,0,$0,1,,12
1141,mudanzas en huamantla,0,$0,1,,12
1142,mudanzas en igualada,0,$0,1,,12
1143,alquiler de furgonetas para mudanzas en fuerteventura,0,$0,1,,4
1144,mudanzas en mexicali,0,$0,1,,12
1145,mudanzas en yautepec morelos,0,$0,1,,4
1146,mudanzas en furgoneta,0,$0,1,,12
1147,mudanzas en zona oeste,0,$0,1,,4
1148,fletes ya mudanzas y fletes en caba buenos aires,0,$0,1,,4
1149,mudanzas y fletes queretaro,0,$0,1,,4
1150,fletes y mudanzas azcapotzalco,0,$0,1,,4
1151,fletes y mudanzas july,0,$0,1,,4
1152,fletes y mudanzas morelia,0,$0,1,,4
1153,fotos de mudanzas y fletes renteria león de los aldama,0,$0,1,,4
1154,fletes mudanzas y servicios oscar sol,0,$0,1,,4
1155,fletes y mudanzas fotos,0,$0,1,,4
1156,opiniones de mudanzas y fletes ruiz,0,$0,1,,4
1157,mudanzas y fletes naucalpan,0,$0,1,,4
1158,mudanzas y fletes tauro,0,$0,1,,4
1159,fletes y mudanzas económicos w,0,$0,1,,4
1160,fletes y mudanzas pegaso,0,$0,1,,4
1161,fletes y mudanzas pachuca,0,$0,1,,4
1162,fletes y mudanzas orpineda cuauhtémoc,0,$0,1,,4
1163,mudanzas residenciales santiago,0,$0,1,,12
1164,fletes y mudanzas región metropolitana,0,$0,1,,4
1165,mudanzas 7 islas fuerteventura,0,$0,1,,4
1166,mudanzas baratas maresme,0,$0,1,,12
1167,fotos de mudanzas baratas valladolid,0,$0,1,,4
1168,mudanzas baratas en vigo,0,$0,1,,4
1169,mudanzas baratas barcelona madrid,0,$0,1,,4
1170,empresas de mudanzas donostia,0,$0,1,,4
1171,empresas de mudanzas santa marta,0,$0,1,,4
1172,empresas de mudanzas ferrol,0,$0,1,,4
1173,empresas de mudanzas zaragoza precios,0,$0,1,,4
1174,empresas de mudanzas palma,0,$0,1,,4
1175,empresas de mudanzas en gipuzkoa,0,$0,1,,4
1176,empresas de mudanzas bahia blanca,0,$0,1,,4
1177,empresas de mudanzas en rio cuarto,0,$0,1,,4
1178,empresas de mudanzas malaga precios,0,$0,1,,4
1179,empresas de mudanzas en navarra,0,$0,1,,4
1180,servicio de mudanzas en tijuana,0,$0,1,,4
1181,servicio de mudanzas en uruapan,0,$0,1,,4
1182,publicidad para fletes y mudanzas,0,$0,1,,4
1183,fletes y mudanzas naucalpan,0,$0,1,,4
1184,fletes y mudanzas los mochis,0,$0,1,,4
1185,fletes y mudanzas tuxtla,0,$0,1,,4
1186,fletes y mudanzas d hernandez,0,$0,1,,4
1187,fletes y mudanzas atlacomulco,0,$0,1,,4
1188,mudanzas lupita d'alessio en vivo,0,$0,1,,4
1189,mudanzas lupita d'alessio cover,0,$0,1,,4
1190,mudanzas sureñas,0,$0,1,,17
1191,mudanzas norteñas,0,$0,1,,17
1192,mudanzas mentiras la serie karaoke,0,$0,1,,4
1193,mudanzas lupita d'alessio video,0,$0,1,,4
1194,mudanzas puebla económicas,0,$0,1,,12
1195,mudanzas y trasteos a tiempo,0,$0,1,,4
1196,mudanzas internacionales para larga distancia,0,$0,1,,4
1197,cajas de carton para mudanzas 60x40x40,0,$0,1,,4
1198,mudanzas en villarrica,0,$0,1,,12
1199,mudanzas parque 93,0,$0,1,,12
1200,cuando salio mudanzas al cielo,0,$0,1,,4
1201,mudanzas navas s a fotos,0,$0,1,,4
1202,como conseguir mudanzas,0,$0,1,,12
1203,mudanzas en viña de mar,0,$0,1,,4
1204,mudanzas o mudanzas,0,$0,1,,12
1205,mudanzas vera concepción,0,$0,1,,12
1206,servicio de mudanzas concon,0,$0,1,,4
1207,servicio de mudanzas en veracruz,0,$0,1,,4
1208,servicio de mudanzas en mixco,0,$0,1,,4
1209,como cobran las mudanzas,0,$0,1,,4
1210,como demoran las mudanzas en la cabeza,0,$0,1,,4
1211,mudanzas zinacantepec,0,$0,1,,17
1212,fletes y mudanzas walter campana provincia de buenos aires,0,$0,1,,4
1213,mudanzas y fletes transporte sylvestre,0,$0,1,,4
1214,fletes y mudanzas flemmex zapopan jal,0,$0,1,,4
1215,fletes y mudanzas iztacalco,0,$0,1,,4
1216,fletes y mudanzas orizaba,0,$0,1,,4
1217,mudanzas y fletes ambar ciudad autónoma de buenos aires,0,$0,1,,4
1218,mudanzas y fletes renteria león de los aldama,0,$0,1,,4
1219,fletes y mudanzas tecamac ulises ojo de agua méx,0,$0,1,,4
1220,fletes y mudanzas puebla heroica puebla de zaragoza pue,0,$0,1,,4
1221,fletes y mudanzas paraguay,0,$0,1,,4
1222,fletes y mudanzas izcalli,0,$0,1,,4
1223,fletes y mudanzas victor,0,$0,1,,4
1224,fletes y mudanzas veracruz,0,$0,1,,4
1225,fletes y mudanzas en queretaro economicos,0,$0,1,,4
1226,econoflete fletes y mudanzas en merida mérida yuc,0,$0,1,,4
1227,fletes y mudanzas del valle,0,$0,1,,4
1228,fletes y mudanzas 2001,0,$0,1,,4
1229,servicios que ofrece fletes y mudanzas kini zitácuaro,0,$0,1,,4
1230,eslogan para fletes y mudanzas,0,$0,1,,4
1231,fletes y mudanzas teo,0,$0,1,,4
1232,mudanzas y bodegas a su medida,0,$0,1,,4
1233,mudanzas en valencia rinoza mudanzas y transporte,0,$0,1,,4
1234,mudanzas en huelva,0,$0,1,,12
1235,mudanzas que vuelen muebles,0,$0,1,,4
1236,mudanzas en dosquebradas,0,$0,1,,12
1237,mudanzas en umbrete,0,$0,1,,12
1238,que mudanzas,0,$0,1,,17
1239,mudanzas 24 horas cdmx,0,$0,1,,4
1240,donde se grabo mudanzas al cielo,0,$0,1,,4
1241,mudanzas en jiutepec,0,$0,1,,12
1242,mudanzas en ingles se dice,0,$0,1,,4
1243,mudanzas en querétaro corregidora,0,$0,1,,4
1244,mudanzas en belgrano,0,$0,1,,12
1245,mudanzas en frances,0,$0,1,,12
1246,series como mudanzas al cielo,0,$0,1,,4
1247,mudanzas organero,0,$0,1,,17
1248,mudanzas son y mar,0,$0,1,,4
1249,mudanzas en buin,0,$0,1,,12
1250,mudanzas viernes 17,0,$0,1,,12
1251,mudanzas en hialeah,0,$0,1,,12
1252,mudanzas o barco de valdeorras,0,$0,1,,4
1253,mudanzas ñuble,0,$0,1,,17
1254,mudanzas rosas osorno,0,$0,1,,12
1255,mudanzas de talca a santiago,0,$0,1,,4
1256,mudanzas de santiago a viña del mar,0,$0,1,,4
1257,mudanzas baratas gijon,0,$0,1,,12
1258,mudanzas baratas monterrey,0,$0,1,,12
1259,mudanzas baratas la coruña vaciado de pisos,0,$0,1,,4
1260,empresas de mudanzas con guardamuebles,0,$0,1,,4
1261,empresas de mudanzas bizkaia,0,$0,1,,4
1262,empresas de mudanzas fusagasuga,0,$0,1,,4
1263,empresas de mudanzas reus,0,$0,1,,4
1264,empresas de mudanzas en santa fe capital,0,$0,1,,4
1265,empresas de mudanzas en salta capital,0,$0,1,,4
1266,empresas de mudanzas huelva,0,$0,1,,4
1267,empresas de mudanzas barracas,0,$0,1,,4
1268,empresas de mudanzas internacionales en panama,0,$0,1,,4
1269,empresas de mudanzas terrassa,0,$0,1,,4
1270,barbero mudanzas,0,$0,1,,17
1271,mudanzas con miriam,0,$0,1,,12
1272,mudanzas malambo,0,$0,1,,17
1273,mudanzas yuridia,0,$0,1,,17
1274,mudanzas belinda letra,0,$0,1,,12
1275,mudanzas miriam con letra,0,$0,1,,4
1276,mudanzas en burro,0,$0,1,,12
1277,mudanzas vanesa martin,0,$0,1,,12
1278,mudanzas remix,0,$0,1,,17
1279,mudanzas de youtubers,0,$0,1,,12
1280,mudanzas miriam,0,$0,1,,17
1281,mudanzas a la luna,0,$0,1,,4
1282,mudanzas ibi,0,$0,1,,17
1283,mudanzas de estado a estado en usa,0,$0,1,,4
1284,mudanzas león gto,0,$0,1,,12
1285,mudanzas con buen precio dallas,0,$0,1,,4
1286,mudanzas zumpango,0,$0,1,,17
1287,mudanzas oliverio,0,$0,1,,17
1288,como promocionar mudanzas,0,$0,1,,12
1289,mudanzas kaer,0,$0,1,,17
1290,mantas mudanzas donde comprar,0,$0,1,,4
1291,fletes y mudanzas berazategui,0,$0,1,,4
1292,fletes y mudanzas lucio,0,$0,1,,4
1293,fotos de fletes y mudanzas xalapa tulum,0,$0,1,,4
1294,fletes y mudanzas gil cuautitlán izcalli méx,0,$0,1,,4
1295,cotización mudanzas santiago,0,$0,1,,12
1296,empresa de transporte para mudanzas,0,$0,1,,4
1297,ilustres ignorantes mudanzas,0,$0,1,,12
1298,mudanzas zapateo argentino,0,$0,1,,12
1299,mudanzas jenni rivera karaoke,0,$0,1,,4
1300,mudanzas karaoke jenni rivera,0,$0,1,,4
1301,mudanzas con ofertas dallas tx,0,$0,1,,4
1302,mudanzas jordan,0,$0,1,,17
1303,mudanzas con descuento dallas,0,$0,1,,4
1304,mudanzas queens,0,$0,1,,17
1305,mudanzas cerca de benito juárez ciudad de méxico,0,$0,1,,4
1306,empresas de mudanzas bernal,0,$0,1,,4
1307,empresas de mudanzas en velez malaga,0,$0,1,,4
1308,empresas de mudanzas mar del plata,0,$0,1,,4
1309,empresas de mudanzas en vilafranca del penedes,0,$0,1,,4
1310,mudanzas baratas mallorca,0,$0,1,,12
1311,mudanzas baratas girona,0,$0,1,,12
1312,mudanzas baratas bcn,0,$0,1,,12
1313,cajas para mudanzas baratas bogota,0,$0,1,,4
1314,mudanzas baratas pr,0,$0,1,,12
1315,mudanzas y transportes oujda,0,$0,1,,4
1316,mudanzas en wallapop,0,$0,1,,12
1317,mudanzas en durango dgo,0,$0,1,,4
1318,mudanzas en naucalpan estado de mexico,0,$0,1,,4
1319,fletes para mudanzas en ituzaingo,0,$0,1,,4
1320,mudanzas en fresnillo zacatecas,0,$0,1,,4
1321,camiones para mudanzas en miami,0,$0,1,,4
1322,mudanzas como se escribe,0,$0,1,,4
1323,mudanzas en denia,0,$0,1,,12
1324,mudanzas en union city nj,0,$0,1,,4
1325,mudanzas en reus,0,$0,1,,12
1326,las mudanzas son buenas,0,$0,1,,4
1327,mudanzas la 90,0,$0,1,,12
1328,mudanzas enteradas o de tipo a,0,$0,1,,4
1329,mudanzas orizaba,0,$0,1,,17
1330,fletes y mudanzas en xalapa veracruz,0,$0,1,,4
1331,fletes y mudanzas atizapan de zaragoza,0,$0,1,,4
1332,fletes y mudanzas foraneos,0,$0,1,,4
1333,mudanzas y fletes de la familia diaz,0,$0,1,,4
1334,fletes y mudanzas boca del rio veracruz,0,$0,1,,4
1335,mudanzas y fletes de mexicali,0,$0,1,,4
1336,mudanzas vera bello,0,$0,1,,12
1337,mudanzas 7 leguas,0,$0,1,,12
1338,mudanzas latitud 0,0,$0,1,,12
1339,mudanzas nezahualcóyotl,0,$0,1,,17
1340,mudanzas paulina,0,$0,1,,17
1341,mudanzas la cisterna,0,$0,1,,12
1342,mudanzas 3tc,0,$0,1,,17
1343,opiniones de mudanzas 10,0,$0,1,,4
1344,mudanzas en reynosa tamaulipas,0,$0,1,,4
1345,mudanzas oaxaca,0,$0,1,,17
1346,mudanzas wilde,0,$0,1,,17
1347,mudanzas 24 horas barcelona,0,$0,1,,4
1348,mudanzas en bucaramanga,0,$0,1,,12
1349,mudanzas 47,0,$0,1,,17
1350,mudanzas cerca de cdad nezahualcóyotl méx,0,$0,1,,4
1351,mudanzas en oaxaca,0,$0,1,,12
1352,mudanzas xonacatlan,0,$0,1,,17
1353,mudanzas en xalapa ver,0,$0,1,,4
1354,mudanzas cerca de ciudad de méxico cdmx,0,$0,1,,4
1355,mudanzas en izcalli,0,$0,1,,12
1356,software para empresas de mudanzas,0,$0,1,,4
1357,mudanzas cerillos,0,$0,1,,17
1358,fletes y mudanzas tepic económicas tepic nay,0,$0,1,,4
1359,fletes y mudanzas de toluca,0,$0,1,,4
1360,fletes y mudanzas jegar,0,$0,1,,4
1361,logos para fletes y mudanzas,0,$0,1,,4
1362,fletes y mudanzas piedras negras,0,$0,1,,4
1363,fletes y mudanzas sanchez,0,$0,1,,4
1364,fletes y mudanzas bocanegra,0,$0,1,,4
1365,fletes y mudanzas aguascalientes h&o aguascalientes ags,0,$0,1,,4
1366,mudanzas para el salvador,0,$0,1,,4
1367,servicio de mudanzas en colima,0,$0,1,,4
1368,servicio de mudanzas en ingles,0,$0,1,,4
1369,servicio de mudanzas caba,0,$0,1,,4
1370,mudanzas camion cerrado,0,$0,1,,12
1371,mudanzas baratas oviedo,0,$0,1,,12
1372,mudanzas baratas en córdoba,0,$0,1,,4
1373,mudanzas baratas terrassa,0,$0,1,,12
1374,mudanzas baratas madrid valencia,0,$0,1,,4
1375,mudanzas baratas en sevilla,0,$0,1,,4
1376,www mudanzas baratas,0,$0,1,,12
1377,furgonetas para mudanzas baratas barcelona,0,$0,1,,4
1378,empresas de mudanzas la paz bolivia,0,$0,1,,4
1379,empresas de mudanzas de muebles,0,$0,1,,4
1380,empresas de mudanzas costa rica,0,$0,1,,4
1381,empresas de mudanzas jaen,0,$0,1,,4
1382,empresas de trasteos y mudanzas bogota,0,$0,1,,4
1383,mudanzas de oficina santiago,0,$0,1,,4
1384,mudanzas interregionales chile,0,$0,1,,12
1385,mudanzas completas santiago,0,$0,1,,12
1386,mudanzas fletes 2001 buenos aires,0,$0,1,,4
1387,mudanzas y fletes naucalpan naucalpan de juárez,0,$0,1,,4
1388,fletes y mudanzas tequisquiapan querétaro,0,$0,1,,4
1389,mudanzas y fletes 2001,0,$0,1,,4
1390,fletes y mudanzas zarate,0,$0,1,,4
1391,fletes y mudanzas 24 siete,0,$0,1,,4
1392,fletes y mudanzas quilpue,0,$0,1,,4
1393,sierra mudanzas y fletes,0,$0,1,,4
1394,mudanzas y fletes gallegos,0,$0,1,,4
1395,fletes y mudanzas ubicación cerca de ciudad de méxico cdmx,0,$0,1,,4
1396,mudanzas y fletes coatzacoalcos,0,$0,1,,4
1397,opiniones de duo mudanzas y fletes santiago,0,$0,1,,4
1398,fletes y mudanzas en un área de 800m,0,$0,1,,4
1399,fletes y mudanzas villas de la laguna zumpango,0,$0,1,,4
1400,mudanzas y fletes celaya express,0,$0,1,,4
1401,mudanzas con letra,0,$0,1,,12
1402,fletes y mudanzas aqui andamos,0,$0,1,,4
1403,mudanzas instrumental,0,$0,1,,17
1404,mudanzas con lupita d'alessio,0,$0,1,,4
1405,mudanzas pepe problemas,0,$0,1,,12
1406,mudanzas el musical,0,$0,1,,12
1407,mudanzas cancion original portugués,0,$0,1,,4
1408,mudanzas a la luna alejandro fernandez karaoke,0,$0,1,,4
1409,mudanzas 3c,0,$0,1,,17
1410,mudanzas cerca de mi precio,0,$0,1,,4
1411,mudanzas gana,0,$0,1,,17
1412,mudanzas con ofertas dallas,0,$0,1,,4
1413,mudanzas nacionales para larga distancia,0,$0,1,,4
1414,mudanzas 7 24,0,$0,1,,12
1415,mudanzas quien la canta,0,$0,1,,4
1416,mudanzas 2025,0,$0,1,,17
1417,mudanzas lo curro,0,$0,1,,12
1418,mudanzas quinta normal,0,$0,1,,12
1419,mudanzas zihuatanejo,0,$0,1,,17
1420,fletes y mudanzas 07,0,$0,1,,4
1421,mudanzas viña santiago,0,$0,1,,12
1422,mudanzas en xalapa veracruz,0,$0,1,,4
1423,mudanzas xochimilco,0,$0,1,,17
1424,mudanzas en gdl,0,$0,1,,12
1425,mudanzas camionetas 3 toneladas,0,$0,1,,4
1426,stray mudanzas 1973,0,$0,1,,12
1427,mudanzas del sur puerto varas,0,$0,1,,4
1428,mudanzas en nezahualcóyotl,0,$0,1,,12
1429,mudanzas en los palacios y villafranca,0,$0,1,,4
1430,mudanzas en san juan,0,$0,1,,4
1431,mudanzas wilson panama,0,$0,1,,12
1432,mudanzas en un área de 8 1 km,0,$0,1,,4
1433,opiniones de mudanzas 1 euro x km,0,$0,1,,4
1434,mudanzas en fort worth,0,$0,1,,4
1435,mudanzas para guatemala,0,$0,1,,12
1436,empresas de mudanzas villavicencio,0,$0,1,,4
1437,empresas de mudanzas en quilmes,0,$0,1,,4
1438,mudanzas jp,0,$0,1,,17
1439,empresas de mudanzas en florida,0,$0,1,,4
1440,empresas de mudanzas rionegro antioquia,0,$0,1,,4
1441,empresas de mudanzas en san juan,0,$0,1,,4
1442,mudanzas logroño baratas,0,$0,1,,12
1443,mudanzas baratas en oviedo,0,$0,1,,4
1444,mudanzas 24 7 pereira,0,$0,1,,4
1445,mudanzas cordoba 93,0,$0,1,,12
1446,mudanzas de antofagasta a coquimbo,0,$0,1,,4
1447,fletes y mudanzas monterrey,0,$0,1,,4
1448,fletes y mudanzas en ojo de agua tecamac,0,$0,1,,4
1449,fletes y mudanzas arellano,0,$0,1,,4
1450,fletes y mudanzas terrexpress mérida,0,$0,1,,4
1451,fletes y mudanzas angel riobamba,0,$0,1,,4
1452,fletes y mudanzas lito,0,$0,1,,4
1453,que significa fletes y mudanzas,0,$0,1,,4
1454,fletes y mudanzas santa fe,0,$0,1,,4
1455,jp mudanzas y fletes,0,$0,1,,4
1456,mudanzas y fletes eye mexicali bc,0,$0,1,,4
1457,opiniones de mudanzas y fletes transporte sylvestre ituzaingó,0,$0,1,,4
1458,opiniones de mudanzas y fletes traslados efectivos ciudad de méxico,0,$0,1,,4
1459,fletes y mudanzas quito,0,$0,1,,4
1460,fletes y mudanzas jose,0,$0,1,,4
1461,fletes y mudanzas foraneas economicas,0,$0,1,,4
1462,fletes y mudanzas ht,0,$0,1,,4
1463,fletes y mudanzas oaxaca,0,$0,1,,4
1464,mudanzas y fletes gp,0,$0,1,,4
1465,fletes y mudanzas zalazar,0,$0,1,,4
1466,fletes y mudanzas xochimilco,0,$0,1,,4
1467,mudanzas en santiago de compostela reseñas,0,$0,1,,4
1468,mudanzas diana bovio,0,$0,1,,12
1469,ximena ramos mudanzas,0,$0,1,,12
1470,zatu mudanzas,0,$0,1,,17
1471,fer jalil mudanzas,0,$0,1,,12
1472,mudanzas sinfonico,0,$0,1,,17
1473,mudanzas lupita d'alessio remix,0,$0,1,,4
1474,mudanzas videos,0,$0,1,,17
1475,mudanzas al cielo cap 2,0,$0,1,,4
1476,mudanzas gou cdmx,0,$0,1,,12
1477,mudanzas con descuento dallas tx,0,$0,1,,4
1478,opiniones de mudanzas simahk,0,$0,1,,4
1479,mudanzas jcl,0,$0,1,,17
1480,mudanzas unificar,0,$0,1,,17
1481,mudanzas baratas en chillán,0,$0,1,,4
1482,mudanzas duo,0,$0,1,,17
1483,mudanzas 322,0,$0,1,,17
1484,mudanzas 10 reseñas,0,$0,1,,12
1485,mudanzas iker,0,$0,1,,17
1486,alquiler furgonetas mudanzas en viña de mar,0,$0,1,,4
1487,servicios de mudanzas en viña de mar,0,$0,1,,4
1488,servicio de mudanzas medellin,0,$0,1,,4
1489,servicio de mudanzas leon gto,0,$0,1,,4
1490,mudanzas urgentes santiago,0,$0,1,,12
1491,como trabajar en mudanzas,0,$0,1,,4
1492,mudanzas para pr,0,$0,1,,12
1493,mudanzas cortes antofagasta,0,$0,1,,12
1494,mudanzas en ojo de agua tecamac,0,$0,1,,4
1495,mudanzas chile reclamos,0,$0,1,,12
1496,mudanzas xallas,0,$0,1,,17
1497,mudanzas para puerto rico,0,$0,1,,4
1498,mudanzas zapopan baratas,0,$0,1,,12
1499,mudanzas move your house,0,$0,1,,4
1500,mudanzas en quillota,0,$0,1,,12
1501,mudanzas xabia,0,$0,1,,17
1502,mudanzas en valladolid precios,0,$0,1,,4
1503,mudanzas en queens,0,$0,1,,12
1504,mudanzas en new jersey,0,$0,1,,4
1505,mudanzas en quilmes,0,$0,1,,12
1506,mudanzas en villa de las flores coacalco,0,$0,1,,4
1507,mudanzas locales en qro,0,$0,1,,4
1508,mudanzas en queretaro juriquilla,0,$0,1,,4
1509,mudanzas baratas pamplona,0,$0,1,,12
1510,mudanzas baratas cerca de dallas texas,0,$0,1,,4
1511,mudanzas baratas en nezahualcóyotl,0,$0,1,,4
1512,mudanzas baratas alcorcon,0,$0,1,,12
1513,empresas de mudanzas en fuengirola,0,$0,1,,4
1514,empresas de mudanzas pasto,0,$0,1,,4
1515,empresas de mudanzas pergamino,0,$0,1,,4
1516,empresas de mudanzas mataro,0,$0,1,,4
1517,empresas de mudanzas burgos,0,$0,1,,4
1518,empresas de mudanzas mostoles,0,$0,1,,4
1519,que significan las mudanzas,0,$0,1,,4
1520,mudanzas santiago la serena,0,$0,1,,4
1521,mudanzas en santiago de surco,0,$0,1,,4
1522,fletes y mudanzas villa urquiza caba,0,$0,1,,4
1523,mudanzas fletes córdoba,0,$0,1,,12
1524,mudanzas y fletes renteria,0,$0,1,,4
1525,fotos de mudanzas y fletes traslados efectivos ciudad de méxico,0,$0,1,,4
1526,fletes y mudanzas buby posadas misiones,0,$0,1,,4
1527,fletes y mudanzas en ingles,0,$0,1,,4
1528,fletes y mudanzas jardines de morelos,0,$0,1,,4
1529,fletes y mudanzas kyv,0,$0,1,,4
1530,fletes y mudanzas imagenes,0,$0,1,,4
1531,fletes y mudanzas poza rica,0,$0,1,,4
1532,fletes y mudanzas yautepec morelos,0,$0,1,,4
1533,fletes y mudanzas repartos fletes rió cuarto,0,$0,1,,4
1534,fletes y mudanzas agricola oriental,0,$0,1,,4
1535,fletes y mudanzas en iguala guerrero,0,$0,1,,4
1536,fletes y mudanzas metepec,0,$0,1,,4
1537,fletes y mudanzas tepic,0,$0,1,,4
1538,fletes y mudanzas cerca de mi ubicación abierto ahora,0,$0,1,,4
1539,fletes y mudanzas arreola,0,$0,1,,4
1540,fletes y mudanzas vazquez oaxaca de juárez oax,0,$0,1,,4
1541,mudanzas la voz,0,$0,1,,12
1542,mudanzas serie mentiras,0,$0,1,,12
1543,mudanzas vanusa,0,$0,1,,17
1544,mudanzas folklore,0,$0,1,,17
1545,mariana treviño mudanzas,0,$0,1,,12
1546,mudanzas abel fleury,0,$0,1,,12
1547,mudanzas cerca de mi opiniones,0,$0,1,,4
1548,mudanzas sima,0,$0,1,,17
1549,mudanzas xalapa a cdmx,0,$0,1,,4
1550,empresas de mudanzas en leon,0,$0,1,,4
1551,empresas de mudanzas internacionales oferta grupo amygo,0,$0,1,,4
1552,empresas de mudanzas bello,0,$0,1,,4
1553,empresas de mudanzas santander,0,$0,1,,4
1554,empresas de mudanzas gran canaria,0,$0,1,,4
1555,empresas de mudanzas avila,0,$0,1,,4
1556,mudanzas baratas en mazatlan sinaloa,0,$0,1,,4
1557,mudanzas baratas toledo,0,$0,1,,12
1558,cajas para mudanzas baratas lima,0,$0,1,,4
1559,mudanzas baratas madrid opiniones,0,$0,1,,4
1560,portes y mudanzas baratas reseñas,0,$0,1,,4
1561,mudanzas baratas bilbao,0,$0,1,,12
1562,mudanzas baratas cordoba,0,$0,1,,12
1563,mudanzas baratas ourense,0,$0,1,,12
1564,mudanzas baratas reseñas,0,$0,1,,12
1565,mudanzas baratas mataro,0,$0,1,,12
1566,madrid mudanzas pequeñas baratas,0,$0,1,,4
1567,mudanzas buenas y baratas,0,$0,1,,4
1568,mudanzas santiago a iquique,0,$0,1,,4
1569,mudanzas que hagan todo,0,$0,1,,4
1570,mudanzas juli,0,$0,1,,17
1571,mudanzas bellavista,0,$0,1,,17
1572,mudanzas xalapa veracruz,0,$0,1,,12
1573,cali en mudanzas y trasteos,0,$0,1,,4
1574,mudanzas en avila,0,$0,1,,12
1575,mudanzas en queretaro precios,0,$0,1,,4
1576,mudanzas 3m,0,$0,1,,17
1577,horario para hacer mudanzas en el estado de méxico,0,$0,1,,4
1578,mudanzas foraneas en puebla,0,$0,1,,4
1579,cómo se escribe mudanzas al cielo en inglés,0,$0,1,,4
1580,mudanzas bucaramanga,0,$0,1,,17
1581,mudanzas en neiva,0,$0,1,,12
1582,servicios que ofrece fletes y mudanzas salvar valdivia,0,$0,1,,4
1583,frases para fletes y mudanzas,0,$0,1,,4
1584,fletes y mudanzas en neuquen,0,$0,1,,4
1585,fletes y mudanzas milenio,0,$0,1,,4
1586,fletes y mudanzas coacalco,0,$0,1,,4
1587,fletes y mudanzas de,0,$0,1,,4
1588,mudanzas 24 horas en viña de mar,0,$0,1,,4
1589,fletes y mudanzas neza,0,$0,1,,4
1590,floresta mudanzas fletes y repartos,0,$0,1,,4
1591,fletes y mudanzas guadalajara guadalajara jal,0,$0,1,,4
1592,mudanzas y fletes dilan mexicali bc,0,$0,1,,4
1593,fletes y mudanzas cuautitlán izcalli,0,$0,1,,4
1594,fletes y mudanzas huatulco,0,$0,1,,4
1595,transportes y mudanzas mega fletes tuxtla tuxtla gutiérrez chis,0,$0,1,,4
1596,fletes y mudanzas en un área de 8 1 km,0,$0,1,,4
1597,servicio de mudanzas cordoba,0,$0,1,,4
1598,servicio de mudanzas a mexico,0,$0,1,,4
1599,servicio de mudanzas tlalnepantla,0,$0,1,,4
1600,servicio de mudanzas cuenca,0,$0,1,,4
1601,servicio de mudanzas el salvador,0,$0,1,,4
1602,servicio de mudanzas en chihuahua,0,$0,1,,4
1603,servicio de mudanzas rosario,0,$0,1,,4
1604,servicio de mudanzas en cali,0,$0,1,,4
1605,mudanzas 1a herrera,0,$0,1,,12
1606,mudanzas 1a medellín,0,$0,1,,12
1607,empresa mudanzas 47,0,$0,1,,12
1608,mudanzas uria,0,$0,1,,17
1609,mudanzas cerca de álvaro obregón cdmx,0,$0,1,,4
1610,mudanzas avalos antofagasta,0,$0,1,,12
1611,mudanzas económicas chile,0,$0,1,,12
1612,blanket para mudanzas,0,$0,1,,12
1613,mudanzas gloria trevi,0,$0,1,,12
1614,los polinesios mudanzas karen,0,$0,1,,4
1615,mudanzas mentiras el musical karaoke,0,$0,1,,4
1616,mudanzas banda santa marianita del olivo,0,$0,1,,4
1617,mudanzas rocio durcal,0,$0,1,,12
1618,miriam hernandez mudanzas,0,$0,1,,12
1619,karaoke mudanzas a la luna,0,$0,1,,4
1620,mudanzas estebaranz,0,$0,1,,17
1621,mudanzas ochoa,0,$0,1,,17
1622,mudanzas queens ny,0,$0,1,,12
1623,mudanzas duparcq,0,$0,1,,17
1624,mudanzas chico,0,$0,1,,17
1625,cajas de cartón para mudanzas leroy merlin,0,$0,1,,4
1626,transporte de mudanzas en santiago republica dominicana,0,$0,1,,4
1627,mudanzas ays opiniones,0,$0,1,,12
1628,mudanzas 2m la plata,0,$0,1,,4
1629,mudanzas 10 opiniones,0,$0,1,,12
1630,mudanzas feval bustamante,0,$0,1,,12
1631,mudanzas de la 14 puebla,0,$0,1,,4
1632,mudanzas sin hacer nada,0,$0,1,,4
